,Checked,Confidence,Identifying Node Type,Identifying Node,Search ID,Identifying Node No,PSM Ambiguity,Sequence,Annotated Sequence,Modifications,Number of Proteins,Master Protein Accessions,Master Protein Descriptions,Protein Accessions,Protein Descriptions,Number of Missed Cleavages,Charge,Original Precursor Charge,Delta Score,Delta Cn,Rank,Search Engine Rank,Concatenated Rank,mz in Da,MHplus in Da,Theo MHplus in Da,Delta M in ppm,Delta mz in Da,Ions Matched,Matched Ions,Total Ions,Intensity,Activation Type,NCE in Percent,MS Order,Isolation Interference in Percent,Ion Inject Time in ms,RT in min,First Scan,Last Scan,Master Scans,Spectrum File,File ID,Peptides Matched,Ions Score,Number of Protein Groups,Identity Strict,Identity Relaxed,Expectation Value,Homology Threshold,Percolator q-Value,Percolator PEP,Precursor Abundance,Apex RT in min,Seq_len
67,False,High,Mascot,Mascot (A4),A,4,Unambiguous,FGGSGTSSRP,FGGSGTSSRP,,1,P20152,Vimentin OS=Mus musculus OX=10090 GN=Vim PE=1 SV=3,P20152,Vimentin OS=Mus musculus OX=10090 GN=Vim PE=1 SV=3,0,2,2,0.5333,0.0,1,1,1,476.72696,952.44664,952.44828,-1.72,-0.00082,7/74,7,74,1774392.0,HCD,30.0,MS2,0.0,247.0,23.6387,5796,5796,5779,DC_GL261_heavyYFN_MHCII_20240905.raw,F16,22869,60,1,50.0,43.0,0.0012595551234951,43,0.001742,0.08602,,,10.0
113,False,High,Mascot,Mascot (A4),A,4,Unambiguous,KPFQNPVPNQSP,KPFQNPVPNQSP,,1,P16382,Interleukin-4 receptor subunit alpha OS=Mus musculus OX=10090 GN=Il4r PE=1 SV=1,P16382,Interleukin-4 receptor subunit alpha OS=Mus musculus OX=10090 GN=Il4r PE=1 SV=1,0,2,2,0.8039,0.0,1,1,1,676.85217,1352.69707,1352.69573,0.99,0.00067,10/128,10,128,309749.5,HCD,30.0,MS2,0.0,247.0,62.0938,15861,15861,15847,DC_GL261_heavyYFN_MHCII_20240905.raw,F16,43698,51,1,53.0,46.0,0.0188552182901605,26,0.001742,0.008113,9078330.0,62.16,12.0
135,False,High,Mascot,Mascot (A4),A,4,Unambiguous,KPFQNPVPNQSP,KPFQNPVPNQSP,,1,P16382,Interleukin-4 receptor subunit alpha OS=Mus musculus OX=10090 GN=Il4r PE=1 SV=1,P16382,Interleukin-4 receptor subunit alpha OS=Mus musculus OX=10090 GN=Il4r PE=1 SV=1,0,2,2,0.766,0.0,1,1,1,676.85388,1352.70049,1352.69573,3.52,0.00238,10/128,10,128,173389.828125,HCD,30.0,MS2,0.0,247.0,61.9985,15842,15842,15823,DC_GL261_heavyYFN_MHCII_20240905.raw,F16,43225,47,1,53.0,46.0,0.0403371310681643,27,0.001742,0.01457,9078330.0,62.16,12.0
164,False,High,Mascot,Mascot (A4),A,4,Unambiguous,MAYMASKE,MAYMASKE,,1,P16858,Glyceraldehyde-3-phosphate dehydrogenase OS=Mus musculus OX=10090 GN=Gapdh PE=1 SV=2,P16858,Glyceraldehyde-3-phosphate dehydrogenase OS=Mus musculus OX=10090 GN=Gapdh PE=1 SV=2,0,2,2,0.6744,0.0,1,1,1,465.70633,930.40538,930.40595,-0.61,-0.00028,6/58,6,58,133986.359375,HCD,30.0,MS2,0.0,247.0,34.9608,9125,9125,9122,DC_GL261_heavyYFN_MHCII_20240905.raw,F16,10458,43,1,47.0,40.0,0.0284065598337394,29,0.001742,0.06569,12692393.0,35.54,8.0
167,False,High,Mascot,Mascot (A4),A,4,Unambiguous,NYEGPETHTSLR,NYEGPETHTSLR,,1,P14483,"H-2 class II histocompatibility antigen, A beta chain OS=Mus musculus OX=10090 GN=H2-Ab1 PE=1 SV=1",P14483,"H-2 class II histocompatibility antigen, A beta chain OS=Mus musculus OX=10090 GN=H2-Ab1 PE=1 SV=1",0,3,3,0.9048,0.0,1,1,1,468.55524,1403.65116,1403.65498,-2.73,-0.00128,6/132,6,132,103526.109375,HCD,30.0,MS2,0.0,247.0,51.3986,13560,13560,13546,DC_GL261_heavyYFN_MHCII_20240905.raw,F16,27837,42,1,51.0,44.0,0.0821471373437181,19,0.001742,0.01216,19302408.0,51.8,12.0
172,False,High,Mascot,Mascot (A4),A,4,Unambiguous,KPFQNPVPNQSP,KPFQNPVPNQSP,,1,P16382,Interleukin-4 receptor subunit alpha OS=Mus musculus OX=10090 GN=Il4r PE=1 SV=1,P16382,Interleukin-4 receptor subunit alpha OS=Mus musculus OX=10090 GN=Il4r PE=1 SV=1,0,2,2,0.7143,0.0,1,1,1,676.85217,1352.69707,1352.69573,0.99,0.00067,10/128,10,128,374312.0625,HCD,30.0,MS2,0.0,247.0,62.1514,15874,15874,15859,DC_GL261_heavyYFN_MHCII_20240905.raw,F16,43698,42,1,53.0,46.0,0.140097880388092,27,0.001742,0.03751,9078330.0,62.16,12.0
174,False,High,Mascot,Mascot (A4),A,4,Unambiguous,NYEGPETHTSLR,NYEGPETHTSLR,,1,P14483,"H-2 class II histocompatibility antigen, A beta chain OS=Mus musculus OX=10090 GN=H2-Ab1 PE=1 SV=1",P14483,"H-2 class II histocompatibility antigen, A beta chain OS=Mus musculus OX=10090 GN=H2-Ab1 PE=1 SV=1",0,3,3,0.8333,0.0,1,1,1,468.55585,1403.65299,1403.65498,-1.42,-0.00066,7/132,7,132,105685.34375,HCD,30.0,MS2,0.0,247.0,51.4431,13570,13570,13554,DC_GL261_heavyYFN_MHCII_20240905.raw,F16,30104,42,1,51.0,44.0,0.102705620242204,22,0.001742,0.009558,19302408.0,51.8,12.0
175,False,High,Mascot,Mascot (A4),A,4,Unambiguous,NYEGPETHTSLR,NYEGPETHTSLR,,1,P14483,"H-2 class II histocompatibility antigen, A beta chain OS=Mus musculus OX=10090 GN=H2-Ab1 PE=1 SV=1",P14483,"H-2 class II histocompatibility antigen, A beta chain OS=Mus musculus OX=10090 GN=H2-Ab1 PE=1 SV=1",0,3,3,0.9524,0.0,1,1,1,468.5567,1403.65555,1403.65498,0.41,0.00019,6/132,6,132,73387.0,HCD,30.0,MS2,30.20872,247.0,53.1228,13936,13936,13914,DC_GL261_heavyYFN_MHCII_20240905.raw,F16,29946,42,1,51.0,44.0,0.103587851275692,17,0.001742,0.04118,,,12.0
183,False,High,Mascot,Mascot (A4),A,4,Unambiguous,MAYMASKE,MAYMASKE,,1,P16858,Glyceraldehyde-3-phosphate dehydrogenase OS=Mus musculus OX=10090 GN=Gapdh PE=1 SV=2,P16858,Glyceraldehyde-3-phosphate dehydrogenase OS=Mus musculus OX=10090 GN=Gapdh PE=1 SV=2,0,2,2,0.6829,0.0,1,1,1,465.70612,930.40495,930.40595,-1.07,-0.0005,6/58,6,58,139893.546875,HCD,30.0,MS2,0.0,247.0,34.875,9102,9102,9099,DC_GL261_heavyYFN_MHCII_20240905.raw,F16,10488,41,1,47.0,40.0,0.0451505123645605,28,0.001742,0.08377,12692393.0,35.54,8.0
189,False,High,Mascot,Mascot (A4),A,4,Unambiguous,HIYEFPQL,HIYEFPQL,,1,Q8C4B4,Protein unc-119 homolog B OS=Mus musculus OX=10090 GN=Unc119b PE=1 SV=1,Q8C4B4,Protein unc-119 homolog B OS=Mus musculus OX=10090 GN=Unc119b PE=1 SV=1,0,2,2,0.75,0.0,1,1,1,523.77112,1046.53496,1046.53056,4.21,0.0022,6/58,6,58,2400302.75,HCD,30.0,MS2,25.84889,247.0,84.3876,20650,20650,20633,DC_GL261_heavyYFN_MHCII_20240905.raw,F16,29748,40,1,51.0,44.0,0.163090166894337,25,0.001742,0.05459,55703840.0,84.36,8.0
192,False,High,Mascot,Mascot (A4),A,4,Unambiguous,HIYEFPQL,HIYEFPQL,,1,Q8C4B4,Protein unc-119 homolog B OS=Mus musculus OX=10090 GN=Unc119b PE=1 SV=1,Q8C4B4,Protein unc-119 homolog B OS=Mus musculus OX=10090 GN=Unc119b PE=1 SV=1,0,2,2,0.7692,0.0,1,1,1,523.77057,1046.53386,1046.53056,3.16,0.00165,5/58,5,58,2213781.25,HCD,30.0,MS2,26.07195,247.0,84.4519,20664,20664,20645,DC_GL261_heavyYFN_MHCII_20240905.raw,F16,28281,39,1,51.0,44.0,0.170006202377075,24,0.001742,0.01132,55703840.0,84.36,8.0
193,False,High,Mascot,Mascot (A4),A,4,Unambiguous,NYEGPETHTSLR,NYEGPETHTSLR,,1,P14483,"H-2 class II histocompatibility antigen, A beta chain OS=Mus musculus OX=10090 GN=H2-Ab1 PE=1 SV=1",P14483,"H-2 class II histocompatibility antigen, A beta chain OS=Mus musculus OX=10090 GN=H2-Ab1 PE=1 SV=1",0,3,3,1.0,0.0,1,1,1,468.5567,1403.65555,1403.65498,0.41,0.00019,6/132,6,132,73387.0,HCD,30.0,MS2,30.20872,247.0,53.0764,13926,13926,13914,DC_GL261_heavyYFN_MHCII_20240905.raw,F16,29946,39,1,51.0,44.0,0.185485012901192,15,0.001742,0.022,,,12.0
195,False,High,Mascot,Mascot (A4),A,4,Unambiguous,MAYMASKE,MAYMASKE,,1,P16858,Glyceraldehyde-3-phosphate dehydrogenase OS=Mus musculus OX=10090 GN=Gapdh PE=1 SV=2,P16858,Glyceraldehyde-3-phosphate dehydrogenase OS=Mus musculus OX=10090 GN=Gapdh PE=1 SV=2,0,2,2,0.6667,0.0,1,1,1,465.70682,930.40636,930.40595,0.44,0.0002,6/58,6,58,114531.765625,HCD,30.0,MS2,0.0,247.0,35.0179,9142,9142,9139,DC_GL261_heavyYFN_MHCII_20240905.raw,F16,10440,39,1,47.0,40.0,0.0664768608290696,28,0.001742,0.08306,12692393.0,35.54,8.0
205,False,High,Mascot,Mascot (A4),A,4,Unambiguous,RTYTYEKL,RTYTYEKL,,1,Q02248,Catenin beta-1 OS=Mus musculus OX=10090 GN=Ctnnb1 PE=1 SV=1,Q02248,Catenin beta-1 OS=Mus musculus OX=10090 GN=Ctnnb1 PE=1 SV=1,0,2,2,0.2973,0.0,1,1,1,537.28479,1073.5623,1073.56259,-0.26,-0.00014,7/82,7,82,595621.375,HCD,30.0,MS2,0.0,247.0,51.7201,13630,13630,13618,DC_GL261_heavyYFN_MHCII_20240905.raw,F16,27475,37,1,51.0,44.0,0.279838655424824,40,0.001742,0.04244,50735532.0,51.37,8.0
209,False,High,Mascot,Mascot (A4),A,4,Unambiguous,SVFVAPAVTPVK,SVFVAPAVTPVK,,1,P70158,Cyclic GMP-AMP phosphodiesterase SMPDL3A OS=Mus musculus OX=10090 GN=Smpdl3a PE=1 SV=2,P70158,Cyclic GMP-AMP phosphodiesterase SMPDL3A OS=Mus musculus OX=10090 GN=Smpdl3a PE=1 SV=2,0,2,2,0.6389,0.0,1,1,1,607.8606,1214.71391,1214.71434,-0.35,-0.00021,7/88,7,88,1234609.125,HCD,30.0,MS2,34.97403,247.0,76.343,18935,18935,18921,DC_GL261_heavyYFN_MHCII_20240905.raw,F16,15500,36,1,48.0,41.0,0.189365867833783,28,0.001742,0.0799,18626626.0,76.29,12.0
213,False,High,Mascot,Mascot (A4),A,4,Unambiguous,LPYKSPGINVD,LPYKSPGINVD,,1,Q9JHJ8,ICOS ligand OS=Mus musculus OX=10090 GN=Icoslg PE=1 SV=1,Q9JHJ8,ICOS ligand OS=Mus musculus OX=10090 GN=Icoslg PE=1 SV=1,0,2,2,0.5556,0.0,1,1,1,601.82477,1202.64226,1202.64156,0.58,0.00035,11/104,11,104,1059077.5,HCD,30.0,MS2,0.0,247.0,69.7164,17498,17498,17482,DC_GL261_heavyYFN_MHCII_20240905.raw,F16,34986,36,1,52.0,45.0,0.487376176028405,30,0.001742,0.004186,14031136.0,69.67,11.0
220,False,High,Mascot,Mascot (A4),A,4,Unambiguous,HIYEFPQL,HIYEFPQL,,1,Q8C4B4,Protein unc-119 homolog B OS=Mus musculus OX=10090 GN=Unc119b PE=1 SV=1,Q8C4B4,Protein unc-119 homolog B OS=Mus musculus OX=10090 GN=Unc119b PE=1 SV=1,0,2,2,0.7714,0.0,1,1,1,523.77087,1046.53447,1046.53056,3.74,0.00196,5/58,5,58,1824210.375,HCD,30.0,MS2,20.4971,247.0,84.5302,20680,20680,20657,DC_GL261_heavyYFN_MHCII_20240905.raw,F16,28752,35,1,51.0,44.0,0.436152196639768,22,0.001742,0.05192,55703840.0,84.36,8.0
224,False,High,Mascot,Mascot (A4),A,4,Unambiguous,RHNYEGPETHTS,RHNYEGPETHTS,,1,P14483,"H-2 class II histocompatibility antigen, A beta chain OS=Mus musculus OX=10090 GN=H2-Ab1 PE=1 SV=1",P14483,"H-2 class II histocompatibility antigen, A beta chain OS=Mus musculus OX=10090 GN=H2-Ab1 PE=1 SV=1",0,3,3,0.8571,0.0,1,1,1,476.54858,1427.6312,1427.62983,0.96,0.00046,12/114,12,114,111951.109375,HCD,30.0,MS2,0.0,247.0,22.6786,5581,5581,5578,DC_GL261_heavyYFN_MHCII_20240905.raw,F16,19188,35,1,49.0,42.0,0.314050662666757,19,0.001742,0.0001769,92277008.0,22.98,12.0
228,False,High,Mascot,Mascot (A4),A,4,Unambiguous,RHNYEGPETHTS,RHNYEGPETHTS,,1,P14483,"H-2 class II histocompatibility antigen, A beta chain OS=Mus musculus OX=10090 GN=H2-Ab1 PE=1 SV=1",P14483,"H-2 class II histocompatibility antigen, A beta chain OS=Mus musculus OX=10090 GN=H2-Ab1 PE=1 SV=1",0,3,3,0.7714,0.0,1,1,1,476.54791,1427.62918,1427.62983,-0.45,-0.00022,13/114,13,114,116159.7890625,HCD,30.0,MS2,0.0,247.0,22.6597,5576,5576,5573,DC_GL261_heavyYFN_MHCII_20240905.raw,F16,17801,35,1,49.0,42.0,0.310037627247802,22,0.001742,9.301e-05,92277008.0,22.98,12.0
229,False,High,Mascot,Mascot (A4),A,4,Unambiguous,HNYEGPETHTSL,HNYEGPETHTSL,,1,P14483,"H-2 class II histocompatibility antigen, A beta chain OS=Mus musculus OX=10090 GN=H2-Ab1 PE=1 SV=1",P14483,"H-2 class II histocompatibility antigen, A beta chain OS=Mus musculus OX=10090 GN=H2-Ab1 PE=1 SV=1",0,2,2,0.7143,0.0,1,1,1,692.80939,1384.6115,1384.61278,-0.93,-0.00064,9/108,9,108,169553.984375,HCD,30.0,MS2,0.0,247.0,53.5637,14033,14033,14023,DC_GL261_heavyYFN_MHCII_20240905.raw,F16,18803,35,1,49.0,42.0,0.32900094878171,25,0.001742,0.01444,23453814.0,53.85,12.0
233,False,High,Mascot,Mascot (A4),A,4,Unambiguous,SVFVAPAVTPVK,SVFVAPAVTPVK,,1,P70158,Cyclic GMP-AMP phosphodiesterase SMPDL3A OS=Mus musculus OX=10090 GN=Smpdl3a PE=1 SV=2,P70158,Cyclic GMP-AMP phosphodiesterase SMPDL3A OS=Mus musculus OX=10090 GN=Smpdl3a PE=1 SV=2,0,2,2,1.0,0.0,1,1,1,607.86072,1214.71416,1214.71434,-0.15,-9e-05,7/88,7,88,1283788.75,HCD,30.0,MS2,43.09792,247.0,76.3962,18947,18947,18933,DC_GL261_heavyYFN_MHCII_20240905.raw,F16,15556,34,1,48.0,41.0,0.29503119531253,15,0.003247,0.1016,18626626.0,76.29,12.0
240,False,High,Mascot,Mascot (A4),A,4,Unambiguous,RVPTPNVSVVD,RVPTPNVSVVD,,1,P16858,Glyceraldehyde-3-phosphate dehydrogenase OS=Mus musculus OX=10090 GN=Gapdh PE=1 SV=2,P16858,Glyceraldehyde-3-phosphate dehydrogenase OS=Mus musculus OX=10090 GN=Gapdh PE=1 SV=2,0,2,2,0.6061,0.0,1,1,1,591.82758,1182.64787,1182.64771,0.14,8e-05,7/110,7,110,256213.484375,HCD,30.0,MS2,0.0,247.0,67.9752,17131,17131,17109,DC_GL261_heavyYFN_MHCII_20240905.raw,F16,26484,33,1,51.0,44.0,0.608070008598581,27,0.001742,0.04312,20207740.0,68.13,11.0
241,False,High,Mascot,Mascot (A4),A,4,Unambiguous,YEGPETHTSLR,YEGPETHTSLR,,1,P14483,"H-2 class II histocompatibility antigen, A beta chain OS=Mus musculus OX=10090 GN=H2-Ab1 PE=1 SV=1",P14483,"H-2 class II histocompatibility antigen, A beta chain OS=Mus musculus OX=10090 GN=H2-Ab1 PE=1 SV=1",0,3,3,0.8788,0.0,1,1,1,430.54233,1289.61243,1289.61206,0.29,0.00013,5/80,5,80,323311.3125,HCD,30.0,MS2,0.0,247.0,50.0148,13257,13257,13248,DC_GL261_heavyYFN_MHCII_20240905.raw,F16,30110,33,1,51.0,44.0,0.710690908622336,19,0.001742,0.01651,12174165.0,50.11,11.0
242,False,High,Mascot,Mascot (A4),A,4,Unambiguous,YEGPETHTSLR,YEGPETHTSLR,,1,P14483,"H-2 class II histocompatibility antigen, A beta chain OS=Mus musculus OX=10090 GN=H2-Ab1 PE=1 SV=1",P14483,"H-2 class II histocompatibility antigen, A beta chain OS=Mus musculus OX=10090 GN=H2-Ab1 PE=1 SV=1",0,3,3,0.8788,0.0,1,1,1,430.54208,1289.6117,1289.61206,-0.28,-0.00012,5/80,5,80,303267.28125,HCD,30.0,MS2,0.0,247.0,49.979,13249,13249,13242,DC_GL261_heavyYFN_MHCII_20240905.raw,F16,30144,33,1,51.0,44.0,0.729744592422754,19,0.001742,0.01419,12174165.0,50.11,11.0
244,False,High,Mascot,Mascot (A4),A,4,Unambiguous,SGYIYHKL,SGYIYHKL,,1,Q9EPU0,Regulator of nonsense transcripts 1 OS=Mus musculus OX=10090 GN=Upf1 PE=1 SV=2,Q9EPU0,Regulator of nonsense transcripts 1 OS=Mus musculus OX=10090 GN=Upf1 PE=1 SV=2,0,2,2,0.697,0.0,1,1,1,490.76297,980.51866,980.51999,-1.36,-0.00066,6/58,6,58,79354.53125,HCD,30.0,MS2,0.0,247.0,52.6211,13826,13826,13821,DC_GL261_heavyYFN_MHCII_20240905.raw,F16,25510,33,1,51.0,44.0,0.636327163755245,25,0.003247,0.1215,2295806.5,52.63,8.0
253,False,High,Mascot,Mascot (A4),A,4,Unambiguous,LPYKSPGINVD,LPYKSPGINVD,,1,Q9JHJ8,ICOS ligand OS=Mus musculus OX=10090 GN=Icoslg PE=1 SV=1,Q9JHJ8,ICOS ligand OS=Mus musculus OX=10090 GN=Icoslg PE=1 SV=1,0,2,2,0.5,0.0,1,1,1,601.82489,1202.6425,1202.64156,0.78,0.00047,10/104,10,104,644493.375,HCD,30.0,MS2,0.0,247.0,69.6526,17485,17485,17470,DC_GL261_heavyYFN_MHCII_20240905.raw,F16,33370,32,1,52.0,45.0,0.966776779988251,30,0.001742,0.008432,,,11.0
257,False,High,Mascot,Mascot (A4),A,4,Unambiguous,LPYKSPGINVD,LPYKSPGINVD,,1,Q9JHJ8,ICOS ligand OS=Mus musculus OX=10090 GN=Icoslg PE=1 SV=1,Q9JHJ8,ICOS ligand OS=Mus musculus OX=10090 GN=Icoslg PE=1 SV=1,0,2,2,0.375,0.0,1,1,1,601.82361,1202.63994,1202.64156,-1.35,-0.00081,10/104,10,104,906172.25,HCD,30.0,MS2,0.0,247.0,69.7653,17509,17509,17494,DC_GL261_heavyYFN_MHCII_20240905.raw,F16,31379,32,1,51.0,44.0,1.02709142530285,34,0.001742,0.007169,14031136.0,69.67,11.0
270,False,High,Mascot,Mascot (A4),A,4,Unambiguous,RTYTYEKL,RTYTYEKL,,1,Q02248,Catenin beta-1 OS=Mus musculus OX=10090 GN=Ctnnb1 PE=1 SV=1,Q02248,Catenin beta-1 OS=Mus musculus OX=10090 GN=Ctnnb1 PE=1 SV=1,0,2,2,0.2581,0.0,1,1,1,537.28503,1073.56279,1073.56259,0.19,0.0001,7/82,7,82,871064.5,HCD,30.0,MS2,0.0,247.0,51.6756,13620,13620,13606,DC_GL261_heavyYFN_MHCII_20240905.raw,F16,27790,31,1,51.0,44.0,1.0761146680466,38,0.001742,0.01705,50735532.0,51.37,8.0
273,False,High,Mascot,Mascot (A4),A,4,Unambiguous,SGYIYHKL,SGYIYHKL,,1,Q9EPU0,Regulator of nonsense transcripts 1 OS=Mus musculus OX=10090 GN=Upf1 PE=1 SV=2,Q9EPU0,Regulator of nonsense transcripts 1 OS=Mus musculus OX=10090 GN=Upf1 PE=1 SV=2,0,2,2,0.7419,0.0,1,1,1,490.763,980.51872,980.51999,-1.29,-0.00063,5/58,5,58,101151.4609375,HCD,30.0,MS2,0.0,247.0,52.649,13832,13832,13828,DC_GL261_heavyYFN_MHCII_20240905.raw,F16,25271,31,1,51.0,44.0,1.11068890114166,22,0.003247,0.1071,2295806.5,52.63,8.0
282,False,High,Mascot,Mascot (A4),A,4,Unambiguous,RVPTPNVSVVD,RVPTPNVSVVD,,1,P16858,Glyceraldehyde-3-phosphate dehydrogenase OS=Mus musculus OX=10090 GN=Gapdh PE=1 SV=2,P16858,Glyceraldehyde-3-phosphate dehydrogenase OS=Mus musculus OX=10090 GN=Gapdh PE=1 SV=2,0,2,2,0.6333,0.0,1,1,1,591.82855,1182.64983,1182.64771,1.79,0.00106,6/110,6,110,326488.84375,HCD,30.0,MS2,0.0,247.0,68.0197,17141,17141,17121,DC_GL261_heavyYFN_MHCII_20240905.raw,F16,23007,30,1,50.0,43.0,1.28774536924644,26,0.001742,0.03873,20207740.0,68.13,11.0
284,False,High,Mascot,Mascot (A4),A,4,Unambiguous,RSGGTSRHPGPL,RSGGTSRHPGPL,,8,P01910,"H-2 class II histocompatibility antigen, A-K alpha chain OS=Mus musculus OX=10090 GN=H2-Aa PE=1 SV=2",P14436; P14437; P14438; P23150; P14434; P01910; P04228; P14435,"H-2 class II histocompatibility antigen, A-R alpha chain OS=Mus musculus OX=10090 GN=H2-Aa PE=1 SV=1; H-2 class II histocompatibility antigen, A-S alpha chain OS=Mus musculus OX=10090 GN=H2-Aa PE=1 SV=1; H-2 class II histocompatibility antigen, A-U alpha chain (Fragment) OS=Mus musculus OX=10090 GN=H2-Aa PE=1 SV=1; H-2 class II histocompatibility antigen, I-E alpha chain (Fragment) OS=Mus musculus OX=10090 PE=1 SV=1; H-2 class II histocompatibility antigen, A-B alpha chain OS=Mus musculus OX=10090 GN=H2-Aa PE=1 SV=2; H-2 class II histocompatibility antigen, A-K alpha chain OS=Mus musculus OX=10090 GN=H2-Aa PE=1 SV=2; H-2 class II histocompatibility antigen, A-D alpha chain OS=Mus musculus OX=10090 GN=H2-Aa PE=1 SV=1; H-2 class II histocompatibility antigen, A-F alpha chain OS=Mus musculus OX=10090 GN=H2-Aa PE=1 SV=1",0,3,3,0.7241,0.0,1,1,1,407.88623,1221.64414,1221.64469,-0.45,-0.00018,6/122,6,122,2511533.0,HCD,30.0,MS2,5.355905,247.0,23.136,5688,5688,5682,DC_GL261_heavyYFN_MHCII_20240905.raw,F16,37014,29,1,52.0,45.0,2.17438290492659,22,0.001742,0.002299,13948958.0,23.11,12.0
285,False,High,Mascot,Mascot (A4),A,4,Unambiguous,YEGPETHTSL,YEGPETHTSL,,1,P14483,"H-2 class II histocompatibility antigen, A beta chain OS=Mus musculus OX=10090 GN=H2-Ab1 PE=1 SV=1",P14483,"H-2 class II histocompatibility antigen, A beta chain OS=Mus musculus OX=10090 GN=H2-Ab1 PE=1 SV=1",0,2,2,0.4138,0.0,1,1,1,567.26068,1133.51409,1133.51094,2.77,0.00157,8/94,8,94,218463.859375,HCD,30.0,MS2,0.0,247.0,58.6312,15131,15131,15115,DC_GL261_heavyYFN_MHCII_20240905.raw,F16,17942,29,1,49.0,42.0,1.06130657964104,32,0.001742,0.01692,8650959.0,58.68,10.0
288,False,High,Mascot,Mascot (A4),A,4,Unambiguous,RNYSYEKL,RNYSYEKL,,1,Q02257,Junction plakoglobin OS=Mus musculus OX=10090 GN=Jup PE=1 SV=3,Q02257,Junction plakoglobin OS=Mus musculus OX=10090 GN=Jup PE=1 SV=3,0,2,2,0.1724,0.0,1,1,1,536.7746,1072.54192,1072.54218,-0.25,-0.00013,8/82,8,82,107297.3203125,HCD,30.0,MS2,0.0,247.0,48.2366,12816,12816,12813,DC_GL261_heavyYFN_MHCII_20240905.raw,F16,26361,29,1,51.0,44.0,1.73752829425427,38,0.001742,0.06644,5731861.5,48.51,8.0
297,False,High,Mascot,Mascot (A4),A,4,Unambiguous,YEGPETHTSL,YEGPETHTSL,,1,P14483,"H-2 class II histocompatibility antigen, A beta chain OS=Mus musculus OX=10090 GN=H2-Ab1 PE=1 SV=1",P14483,"H-2 class II histocompatibility antigen, A beta chain OS=Mus musculus OX=10090 GN=H2-Ab1 PE=1 SV=1",0,2,2,0.4286,0.0,1,1,1,567.26074,1133.51421,1133.51094,2.88,0.00163,9/94,9,94,143474.3125,HCD,30.0,MS2,0.0,247.0,58.5313,15110,15110,15092,DC_GL261_heavyYFN_MHCII_20240905.raw,F16,18513,28,1,49.0,42.0,1.40749482089689,30,0.001742,0.0244,8650959.0,58.68,10.0
301,False,High,Mascot,Mascot (A4),A,4,Unambiguous,MAYMASKE,MAyMASKE,Y3(Label:13C(9)15N(1)),1,P16858,Glyceraldehyde-3-phosphate dehydrogenase OS=Mus musculus OX=10090 GN=Gapdh PE=1 SV=2,P16858,Glyceraldehyde-3-phosphate dehydrogenase OS=Mus musculus OX=10090 GN=Gapdh PE=1 SV=2,0,2,2,0.1786,0.0,1,1,1,470.72046,940.43364,940.43318,0.49,0.00023,5/58,5,58,102449.859375,HCD,30.0,MS2,0.0,247.0,35.3477,9235,9235,9231,DC_GL261_heavyYFN_MHCII_20240905.raw,F16,16954,28,1,49.0,42.0,1.30689947396534,37,0.001742,0.07879,6953557.5,35.53,8.0
305,False,High,Mascot,Mascot (A4),A,4,Unambiguous,YEGPETHTSL,YEGPETHTSL,,1,P14483,"H-2 class II histocompatibility antigen, A beta chain OS=Mus musculus OX=10090 GN=H2-Ab1 PE=1 SV=1",P14483,"H-2 class II histocompatibility antigen, A beta chain OS=Mus musculus OX=10090 GN=H2-Ab1 PE=1 SV=1",0,2,2,0.3929,0.0,1,1,1,567.26019,1133.51311,1133.51094,1.91,0.00108,6/94,6,94,223986.234375,HCD,30.0,MS2,12.54955,247.0,58.5822,15120,15120,15103,DC_GL261_heavyYFN_MHCII_20240905.raw,F16,17515,28,1,49.0,42.0,1.48040364588659,31,0.001742,0.06001,8650959.0,58.68,10.0
308,False,High,Mascot,Mascot (A4),A,4,Unambiguous,RHNYEGPETHTS,RHNYEGPETHTS,,1,P14483,"H-2 class II histocompatibility antigen, A beta chain OS=Mus musculus OX=10090 GN=H2-Ab1 PE=1 SV=1",P14483,"H-2 class II histocompatibility antigen, A beta chain OS=Mus musculus OX=10090 GN=H2-Ab1 PE=1 SV=1",0,3,3,1.0,0.0,1,1,1,476.54837,1427.63056,1427.62983,0.51,0.00024,13/114,13,114,144370.828125,HCD,30.0,MS2,0.0,247.0,22.6881,5583,5583,5579,DC_GL261_heavyYFN_MHCII_20240905.raw,F16,19119,28,1,49.0,42.0,1.64602026425787,14,0.001742,0.0002509,92277008.0,22.98,12.0
316,False,High,Mascot,Mascot (A4),A,4,Unambiguous,RNYSYEKL,RNYSYEKL,,1,Q02257,Junction plakoglobin OS=Mus musculus OX=10090 GN=Jup PE=1 SV=3,Q02257,Junction plakoglobin OS=Mus musculus OX=10090 GN=Jup PE=1 SV=3,0,2,2,0.1111,0.0,1,1,1,536.77515,1072.54302,1072.54218,0.78,0.00042,4/82,4,82,86852.9140625,HCD,30.0,MS2,0.0,247.0,48.2557,12820,12820,12815,DC_GL261_heavyYFN_MHCII_20240905.raw,F16,28440,27,1,51.0,44.0,2.66011000360017,38,0.003247,0.1476,5731861.5,48.51,8.0
321,False,High,Mascot,Mascot (A4),A,4,Unambiguous,KIFEFKETL,KIFEFKETL,,1,Q8BW96,Calcium/calmodulin-dependent protein kinase type 1D OS=Mus musculus OX=10090 GN=Camk1d PE=1 SV=2,Q8BW96,Calcium/calmodulin-dependent protein kinase type 1D OS=Mus musculus OX=10090 GN=Camk1d PE=1 SV=2,0,2,2,0.5926,0.0,1,1,1,577.82642,1154.64556,1154.64559,-0.03,-2e-05,7/90,7,90,1900109.75,HCD,30.0,MS2,20.43763,247.0,75.4792,18753,18753,18735,DC_GL261_heavyYFN_MHCII_20240905.raw,F16,21276,27,1,50.0,43.0,2.08381896367567,25,0.001742,0.01372,26241628.0,75.38,9.0
325,False,High,Mascot,Mascot (A4),A,4,Unambiguous,YEGPETHTSLR,YEGPETHTSLR,,1,P14483,"H-2 class II histocompatibility antigen, A beta chain OS=Mus musculus OX=10090 GN=H2-Ab1 PE=1 SV=1",P14483,"H-2 class II histocompatibility antigen, A beta chain OS=Mus musculus OX=10090 GN=H2-Ab1 PE=1 SV=1",0,3,3,0.8519,0.0,1,1,1,430.54214,1289.61188,1289.61206,-0.13,-6e-05,6/80,6,80,303087.4375,HCD,30.0,MS2,0.0,247.0,49.9318,13239,13239,13231,DC_GL261_heavyYFN_MHCII_20240905.raw,F16,30143,27,1,51.0,44.0,3.12720590783217,18,0.003247,0.1235,12174165.0,50.11,11.0
328,False,High,Mascot,Mascot (A4),A,4,Unambiguous,RTYTYEKL,RTYTYEKL,,1,Q02248,Catenin beta-1 OS=Mus musculus OX=10090 GN=Ctnnb1 PE=1 SV=1,Q02248,Catenin beta-1 OS=Mus musculus OX=10090 GN=Ctnnb1 PE=1 SV=1,0,2,2,0.0741,0.0,1,1,1,537.28589,1073.5645,1073.56259,1.78,0.00096,4/82,4,82,98866.296875,HCD,30.0,MS2,0.0,247.0,50.9093,13454,13454,13447,DC_GL261_heavyYFN_MHCII_20240905.raw,F16,29955,27,1,51.0,44.0,3.32230368775578,39,0.001742,0.09748,50735532.0,51.37,8.0
334,False,High,Mascot,Mascot (A4),A,4,Unambiguous,KIFEFKETL,KIFEFKETL,,1,Q8BW96,Calcium/calmodulin-dependent protein kinase type 1D OS=Mus musculus OX=10090 GN=Camk1d PE=1 SV=2,Q8BW96,Calcium/calmodulin-dependent protein kinase type 1D OS=Mus musculus OX=10090 GN=Camk1d PE=1 SV=2,0,2,2,0.5385,0.0,1,1,1,577.82446,1154.64165,1154.64559,-3.41,-0.00197,7/90,7,90,1945910.5,HCD,30.0,MS2,26.95971,247.0,75.4154,18740,18740,18723,DC_GL261_heavyYFN_MHCII_20240905.raw,F16,22399,26,1,50.0,43.0,2.68657292765588,26,0.001742,0.002051,26241628.0,75.38,9.0
353,False,High,Mascot,Mascot (A4),A,4,Unambiguous,RTYTYEKL,RTYTYEKL,,1,Q02248,Catenin beta-1 OS=Mus musculus OX=10090 GN=Ctnnb1 PE=1 SV=1,Q02248,Catenin beta-1 OS=Mus musculus OX=10090 GN=Ctnnb1 PE=1 SV=1,0,2,2,0.08,0.0,1,1,1,537.28473,1073.56218,1073.56259,-0.38,-0.0002,4/82,4,82,532290.5625,HCD,30.0,MS2,0.0,247.0,51.7797,13642,13642,13629,DC_GL261_heavyYFN_MHCII_20240905.raw,F16,27460,25,1,51.0,44.0,4.21376719006106,37,0.001742,0.0955,50735532.0,51.37,8.0
357,False,High,Mascot,Mascot (A4),A,4,Unambiguous,RTYTYEKL,RTYTYEKL,,1,Q02248,Catenin beta-1 OS=Mus musculus OX=10090 GN=Ctnnb1 PE=1 SV=1,Q02248,Catenin beta-1 OS=Mus musculus OX=10090 GN=Ctnnb1 PE=1 SV=1,0,2,2,0.08,0.0,1,1,1,537.28625,1073.56523,1073.56259,2.47,0.00132,4/82,4,82,171697.078125,HCD,30.0,MS2,0.0,247.0,50.9458,13462,13462,13457,DC_GL261_heavyYFN_MHCII_20240905.raw,F16,29427,25,1,51.0,44.0,4.81632731409978,37,0.003247,0.1082,50735532.0,51.37,8.0
358,False,High,Mascot,Mascot (A4),A,4,Unambiguous,YEGPETHTSLRR,YEGPETHTSLRR,,1,P14483,"H-2 class II histocompatibility antigen, A beta chain OS=Mus musculus OX=10090 GN=H2-Ab1 PE=1 SV=1",P14483,"H-2 class II histocompatibility antigen, A beta chain OS=Mus musculus OX=10090 GN=H2-Ab1 PE=1 SV=1",0,3,3,0.6,0.0,1,1,1,482.57648,1445.71488,1445.71317,1.18,0.00057,6/92,6,92,676792.25,HCD,30.0,MS2,0.0,247.0,28.9743,7369,7369,7357,DC_GL261_heavyYFN_MHCII_20240905.raw,F16,43501,25,1,53.0,46.0,7.30246097859139,24,0.001742,0.007728,,,12.0
366,False,High,Mascot,Mascot (A4),A,4,Unambiguous,RHNYEGPETHTS,RHNYEGPETHTS,,1,P14483,"H-2 class II histocompatibility antigen, A beta chain OS=Mus musculus OX=10090 GN=H2-Ab1 PE=1 SV=1",P14483,"H-2 class II histocompatibility antigen, A beta chain OS=Mus musculus OX=10090 GN=H2-Ab1 PE=1 SV=1",0,2,2,0.6667,0.0,1,1,1,714.31976,1427.63225,1427.62983,1.69,0.00121,6/114,6,114,126291.609375,HCD,30.0,MS2,0.0,247.0,22.8591,5628,5628,5625,DC_GL261_heavyYFN_MHCII_20240905.raw,F16,19055,24,1,49.0,42.0,3.75819194552221,22,0.003247,0.1335,5572479.5,22.98,12.0
373,False,High,Mascot,Mascot (A4),A,4,Unambiguous,RPGVYTNI,RPGVYTNI,,1,Q9JHJ7,Testisin OS=Mus musculus OX=10090 GN=Prss21 PE=1 SV=2,Q9JHJ7,Testisin OS=Mus musculus OX=10090 GN=Prss21 PE=1 SV=2,0,2,2,0.2609,0.0,1,1,1,460.25339,919.4995,919.49959,-0.1,-5e-05,6/82,6,82,2227547.0,HCD,30.0,MS2,12.14371,247.0,59.373,15288,15288,15276,DC_GL261_heavyYFN_MHCII_20240905.raw,F16,26744,23,1,51.0,44.0,7.28108947380885,31,0.001742,0.07601,66122596.0,59.43,8.0
375,False,High,Mascot,Mascot (A4),A,4,Unambiguous,KIFEFKETL,KIFEFKETL,,1,Q8BW96,Calcium/calmodulin-dependent protein kinase type 1D OS=Mus musculus OX=10090 GN=Camk1d PE=1 SV=2,Q8BW96,Calcium/calmodulin-dependent protein kinase type 1D OS=Mus musculus OX=10090 GN=Camk1d PE=1 SV=2,0,2,2,0.4783,0.0,1,1,1,577.82532,1154.64336,1154.64559,-1.93,-0.00111,7/90,7,90,1606251.25,HCD,30.0,MS2,0.0,247.0,75.3538,18727,18727,18712,DC_GL261_heavyYFN_MHCII_20240905.raw,F16,19816,23,1,49.0,42.0,5.55886334652972,26,0.001742,0.008551,26241628.0,75.38,9.0
377,False,High,Mascot,Mascot (A4),A,4,Unambiguous,FVAPAVTPVKG,FVAPAVTPVKG,,1,P70158,Cyclic GMP-AMP phosphodiesterase SMPDL3A OS=Mus musculus OX=10090 GN=Smpdl3a PE=1 SV=2,P70158,Cyclic GMP-AMP phosphodiesterase SMPDL3A OS=Mus musculus OX=10090 GN=Smpdl3a PE=1 SV=2,0,2,2,0.6364,0.0,1,1,1,543.31708,1085.62688,1085.63536,-7.81,-0.00424,4/82,4,82,288042.65625,HCD,30.0,MS2,45.42343,247.0,68.7256,17290,17290,17271,DC_GL261_heavyYFN_MHCII_20240905.raw,F16,17873,22,1,49.0,42.0,5.31089187546806,22,0.001742,0.0561,,,11.0
382,False,High,Mascot,Mascot (A4),A,4,Unambiguous,SVPSKELSPKVT,SVPSKELSPKVT,,1,P48754,Breast cancer type 1 susceptibility protein homolog OS=Mus musculus OX=10090 GN=Brca1 PE=1 SV=3,P48754,Breast cancer type 1 susceptibility protein homolog OS=Mus musculus OX=10090 GN=Brca1 PE=1 SV=3,0,3,3,0.4545,0.0,1,1,1,424.57809,1271.71973,1271.72054,-0.64,-0.00027,5/112,5,112,1697425.625,HCD,30.0,MS2,0.0,247.0,62.5412,15955,15955,15941,DC_GL261_heavyYFN_MHCII_20240905.raw,F16,23010,22,1,50.0,43.0,7.54895128881493,26,0.001742,0.03491,32060272.0,62.53,12.0
386,False,High,Mascot,Mascot (A4),A,4,Unambiguous,SVPSKELSPKVT,SVPSKELSPKVT,,1,P48754,Breast cancer type 1 susceptibility protein homolog OS=Mus musculus OX=10090 GN=Brca1 PE=1 SV=3,P48754,Breast cancer type 1 susceptibility protein homolog OS=Mus musculus OX=10090 GN=Brca1 PE=1 SV=3,0,3,3,0.4545,0.0,1,1,1,424.57816,1271.71991,1271.72054,-0.5,-0.00021,5/112,5,112,1152300.875,HCD,30.0,MS2,4.56672,247.0,62.4817,15943,15943,15929,DC_GL261_heavyYFN_MHCII_20240905.raw,F16,22932,22,1,50.0,43.0,7.71635034095599,26,0.001742,0.005528,32060272.0,62.53,12.0
387,False,High,Mascot,Mascot (A4),A,4,Unambiguous,SVPSKELSPKVT,SVPSKELSPKVT,,1,P48754,Breast cancer type 1 susceptibility protein homolog OS=Mus musculus OX=10090 GN=Brca1 PE=1 SV=3,P48754,Breast cancer type 1 susceptibility protein homolog OS=Mus musculus OX=10090 GN=Brca1 PE=1 SV=3,0,3,3,0.4545,0.0,1,1,1,424.57816,1271.71991,1271.72054,-0.5,-0.00021,5/112,5,112,573172.0625,HCD,30.0,MS2,0.0,247.0,62.424,15931,15931,15917,DC_GL261_heavyYFN_MHCII_20240905.raw,F16,22932,22,1,50.0,43.0,7.73413836558437,26,0.001742,0.004746,32060272.0,62.53,12.0
395,False,High,Mascot,Mascot (A4),A,4,Unambiguous,DRYVASLAARNK,DRYVASLAARNK,,1,Q00560,Interleukin-6 receptor subunit beta OS=Mus musculus OX=10090 GN=Il6st PE=1 SV=2,Q00560,Interleukin-6 receptor subunit beta OS=Mus musculus OX=10090 GN=Il6st PE=1 SV=2,0,3,3,0.7143,0.0,1,1,1,455.25287,1363.74405,1363.74407,-0.01,-1e-05,11/128,11,128,173270.203125,HCD,30.0,MS2,0.0,247.0,47.2467,12564,12564,12560,DC_GL261_heavyYFN_MHCII_20240905.raw,F16,34092,21,1,52.0,45.0,12.6655042245872,20,0.001742,0.004469,10604212.0,46.71,12.0
402,False,High,Mascot,Mascot (A4),A,4,Unambiguous,EIYEFHKM,EIYEFHKM,,1,Q09014,Neutrophil cytosol factor 1 OS=Mus musculus OX=10090 GN=Ncf1 PE=1 SV=3,Q09014,Neutrophil cytosol factor 1 OS=Mus musculus OX=10090 GN=Ncf1 PE=1 SV=3,0,2,2,0.4762,0.0,1,1,1,548.76135,1096.51543,1096.51319,2.04,0.00112,6/58,6,58,182583.28125,HCD,30.0,MS2,0.0,247.0,62.7316,15996,15996,15976,DC_GL261_heavyYFN_MHCII_20240905.raw,F16,23318,21,1,50.0,43.0,9.67523009845065,24,0.001742,0.0674,7256587.0,62.76,8.0
409,False,High,Mascot,Mascot (A4),A,4,Unambiguous,FVAPAVTPVK,FVAPAVTPVK,,1,P70158,Cyclic GMP-AMP phosphodiesterase SMPDL3A OS=Mus musculus OX=10090 GN=Smpdl3a PE=1 SV=2,P70158,Cyclic GMP-AMP phosphodiesterase SMPDL3A OS=Mus musculus OX=10090 GN=Smpdl3a PE=1 SV=2,0,2,2,0.45,0.0,1,1,1,514.8111,1028.61492,1028.61389,0.99,0.00051,7/72,7,72,359438.0,HCD,30.0,MS2,0.0,247.0,68.5152,17246,17246,17225,DC_GL261_heavyYFN_MHCII_20240905.raw,F16,13645,20,1,48.0,41.0,6.1086261129621,25,0.001742,0.0753,8178273.5,68.41,10.0
426,False,High,Mascot,Mascot (A4),A,4,Unambiguous,DRYVASLAARNK,DRYVASLAARNK,,1,Q00560,Interleukin-6 receptor subunit beta OS=Mus musculus OX=10090 GN=Il6st PE=1 SV=2,Q00560,Interleukin-6 receptor subunit beta OS=Mus musculus OX=10090 GN=Il6st PE=1 SV=2,0,3,3,0.7368,0.0,1,1,1,455.25314,1363.74488,1363.74407,0.59,0.00027,11/128,11,128,104186.1796875,HCD,30.0,MS2,0.0,247.0,47.2702,12569,12569,12563,DC_GL261_heavyYFN_MHCII_20240905.raw,F16,36895,19,1,52.0,45.0,22.1277633948481,18,0.001742,0.005902,10604212.0,46.71,12.0
427,False,High,Mascot,Mascot (A4),A,4,Unambiguous,EIYEFHKM,EIYEFHKM,,1,Q09014,Neutrophil cytosol factor 1 OS=Mus musculus OX=10090 GN=Ncf1 PE=1 SV=3,Q09014,Neutrophil cytosol factor 1 OS=Mus musculus OX=10090 GN=Ncf1 PE=1 SV=3,0,2,2,0.4211,0.0,1,1,1,548.75977,1096.51225,1096.51319,-0.86,-0.00047,4/58,4,58,383071.875,HCD,30.0,MS2,0.0,247.0,62.7736,16004,16004,15988,DC_GL261_heavyYFN_MHCII_20240905.raw,F16,23848,19,1,50.0,43.0,14.568739147806,24,0.001742,0.07183,7256587.0,62.76,8.0
438,False,High,Mascot,Mascot (A4),A,4,Unambiguous,SYGTLKLHLEML,SyGTLKLHLEML,Y2(Label:13C(9)15N(1)),1,Q9R144,Protein arginine N-methyltransferase 2 OS=Mus musculus OX=10090 GN=Prmt2 PE=1 SV=1,Q9R144,Protein arginine N-methyltransferase 2 OS=Mus musculus OX=10090 GN=Prmt2 PE=1 SV=1,0,2,2,0.4444,0.0,1,1,1,707.90192,1414.79656,1414.78278,9.74,0.00689,6/100,6,100,3633614.75,HCD,30.0,MS2,8.23463,247.0,85.1179,20805,20805,20788,DC_GL261_heavyYFN_MHCII_20240905.raw,F16,27343,18,1,51.0,44.0,20.5029412285707,23,0.001742,0.09558,72050296.0,85.06,12.0
445,False,High,Mascot,Mascot (A4),A,4,Unambiguous,VGPRYTNL,VGPRYTNL,,1,P63085,Mitogen-activated protein kinase 1 OS=Mus musculus OX=10090 GN=Mapk1 PE=1 SV=3,P63085,Mitogen-activated protein kinase 1 OS=Mus musculus OX=10090 GN=Mapk1 PE=1 SV=3,0,2,2,0.0,0.0,1,1,1,460.25314,919.49901,919.49959,-0.63,-0.00029,5/70,5,70,2865158.0,HCD,30.0,MS2,6.702605,247.0,59.4884,15312,15312,15299,DC_GL261_heavyYFN_MHCII_20240905.raw,F16,26744,18,1,51.0,44.0,21.19319176959,27,0.003247,0.1351,66122596.0,59.43,8.0
452,False,High,Mascot,Mascot (A4),A,4,Unambiguous,DRYVASLAARNK,DRYVASLAARNK,,1,Q00560,Interleukin-6 receptor subunit beta OS=Mus musculus OX=10090 GN=Il6st PE=1 SV=2,Q00560,Interleukin-6 receptor subunit beta OS=Mus musculus OX=10090 GN=Il6st PE=1 SV=2,0,3,3,1.0,0.0,1,1,1,455.25305,1363.7446,1363.74407,0.39,0.00018,11/128,11,128,108860.0546875,HCD,30.0,MS2,19.74653,247.0,47.2562,12566,12566,12561,DC_GL261_heavyYFN_MHCII_20240905.raw,F16,36542,17,1,52.0,45.0,33.3243983770821,14,0.001742,0.004426,10604212.0,46.71,12.0
499,False,High,Mascot,Mascot (A4),A,4,Unambiguous,VQVEGPTPNRPR,VQVEGPTPNRPR,,1,P26955,Cytokine receptor common subunit beta OS=Mus musculus OX=10090 GN=Csf2rb PE=1 SV=2,P26955,Cytokine receptor common subunit beta OS=Mus musculus OX=10090 GN=Csf2rb PE=1 SV=2,0,3,3,0.9231,0.0,1,1,1,450.58102,1349.72852,1349.72842,0.07,3e-05,8/128,8,128,76308.828125,HCD,30.0,MS2,0.0,247.0,47.5937,12651,12651,12648,DC_GL261_heavyYFN_MHCII_20240905.raw,F16,35987,13,1,52.0,45.0,86.3208380804426,14,0.003247,0.1284,3663168.75,47.87,12.0
512,False,High,Mascot,Mascot (A4),A,4,Unambiguous,KLAKKGLTP,KLAKKGLTP,,1,P62301,Small ribosomal subunit protein uS15 OS=Mus musculus OX=10090 GN=Rps13 PE=1 SV=2,P62301,Small ribosomal subunit protein uS15 OS=Mus musculus OX=10090 GN=Rps13 PE=1 SV=2,0,2,2,0.25,0.0,1,1,1,478.31955,955.63182,955.62988,2.04,0.00097,9/88,9,88,196414.6875,HCD,30.0,MS2,0.0,247.0,23.0933,5679,5679,5674,DC_GL261_heavyYFN_MHCII_20240905.raw,F16,2181,12,1,40.0,33.0,6.52567844413279,22,0.001742,0.05473,1492070.25,23.05,9.0
519,False,High,Mascot,Mascot (A4),A,4,Unambiguous,RRDELQSR,RRDELQSR,,1,Q8BYJ6,TBC1 domain family member 4 OS=Mus musculus OX=10090 GN=Tbc1d4 PE=1 SV=2,Q8BYJ6,TBC1 domain family member 4 OS=Mus musculus OX=10090 GN=Tbc1d4 PE=1 SV=2,0,2,2,,0.0,2,2,3,530.28607,1059.56487,1059.56538,-0.48,-0.00026,4/84,4,84,243767.71875,HCD,30.0,MS2,0.0,247.0,57.0291,14787,14787,14774,DC_GL261_heavyYFN_MHCII_20240905.raw,F16,27237,12,1,51.0,44.0,95.9686255972909,21,0.003247,0.15,3494306.5,56.94,8.0
557,False,High,Mascot,Mascot (A4),A,4,Unambiguous,HNYEGPETHTSL,HNYEGPETHTSL,,1,P14483,"H-2 class II histocompatibility antigen, A beta chain OS=Mus musculus OX=10090 GN=H2-Ab1 PE=1 SV=1",P14483,"H-2 class II histocompatibility antigen, A beta chain OS=Mus musculus OX=10090 GN=H2-Ab1 PE=1 SV=1",0,2,2,0.8889,0.0,1,1,1,692.81128,1384.61528,1384.61278,1.8,0.00125,6/108,6,108,305268.0,HCD,30.0,MS2,0.0,247.0,53.672,14057,14057,14041,DC_GL261_heavyYFN_MHCII_20240905.raw,F16,20043,9,1,50.0,43.0,120.76267676436,14,0.001742,0.09078,23453814.0,53.85,12.0
573,False,High,Mascot,Mascot (A4),A,4,Unambiguous,RDNYRFAHTNIE,RDNYRFAHTNIE,,1,P27773,Protein disulfide-isomerase A3 OS=Mus musculus OX=10090 GN=Pdia3 PE=1 SV=2,P27773,Protein disulfide-isomerase A3 OS=Mus musculus OX=10090 GN=Pdia3 PE=1 SV=2,0,3,3,0.625,0.0,1,1,1,512.5838,1535.73685,1535.73496,1.23,0.00063,8/128,8,128,94019.0546875,HCD,30.0,MS2,0.0,247.0,54.8297,14308,14308,14292,DC_GL261_heavyYFN_MHCII_20240905.raw,F16,42307,8,1,53.0,46.0,339.92431795608,16,0.003247,0.1351,,,12.0
582,False,High,Mascot,Mascot (A4),A,4,Unambiguous,NYEGPETHTSLR,NYEGPETHTSLR,,1,P14483,"H-2 class II histocompatibility antigen, A beta chain OS=Mus musculus OX=10090 GN=H2-Ab1 PE=1 SV=1",P14483,"H-2 class II histocompatibility antigen, A beta chain OS=Mus musculus OX=10090 GN=H2-Ab1 PE=1 SV=1",0,3,3,1.0,0.0,1,1,1,468.55624,1403.65418,1403.65498,-0.57,-0.00027,5/132,5,132,600712.0,HCD,30.0,MS2,0.0,247.0,51.7018,13626,13626,13606,DC_GL261_heavyYFN_MHCII_20240905.raw,F16,28959,7,1,51.0,44.0,279.095969805482,13,0.004792,0.1652,19302408.0,51.8,12.0
589,False,High,Mascot,Mascot (A4),A,4,Unambiguous,TSPHYQNL,TSPHYQNL,,1,Q61152,Tyrosine-protein phosphatase non-receptor type 18 OS=Mus musculus OX=10090 GN=Ptpn18 PE=1 SV=1,Q61152,Tyrosine-protein phosphatase non-receptor type 18 OS=Mus musculus OX=10090 GN=Ptpn18 PE=1 SV=1,0,2,2,1.0,0.0,1,1,1,480.23203,959.45677,959.45812,-1.4,-0.00067,5/62,5,62,71918.1171875,HCD,30.0,MS2,29.17549,247.0,47.1142,12535,12535,12531,DC_GL261_heavyYFN_MHCII_20240905.raw,F16,18325,6,1,49.0,42.0,207.020802446497,13,0.003247,0.1529,3956495.5,47.46,8.0
604,False,High,Mascot,Mascot (A4),A,4,Unambiguous,YNRHEMSTYLLP,YNRHEmSTYLLP,M6(Oxidation),1,P97326,Cadherin-6 OS=Mus musculus OX=10090 GN=Cdh6 PE=1 SV=2,P97326,Cadherin-6 OS=Mus musculus OX=10090 GN=Cdh6 PE=1 SV=2,0,3,3,0.6,0.0,1,1,1,513.90918,1539.71299,1539.72604,-8.48,-0.00435,6/110,6,110,20100.982421875,HCD,30.0,MS2,0.0,247.0,40.9053,10895,10895,10892,DC_GL261_heavyYFN_MHCII_20240905.raw,F16,32092,5,1,52.0,45.0,495.86880510113,15,0.003247,0.1298,,,12.0
616,False,High,Mascot,Mascot (A4),A,4,Unambiguous,AFLVALKFM,AfLVALKfM,F2(Label:13C(9)15N(1)); F8(Label:13C(9)15N(1)),1,Q8BFV2,PCI domain-containing protein 2 OS=Mus musculus OX=10090 GN=Pcid2 PE=1 SV=1,Q8BFV2,PCI domain-containing protein 2 OS=Mus musculus OX=10090 GN=Pcid2 PE=1 SV=1,0,2,2,,0.0,2,2,6,530.3335,1059.65972,1059.65534,4.13,0.00219,2/68,2,68,3424325.25,HCD,30.0,MS2,18.2399,247.0,75.4661,18750,18750,18735,DC_GL261_heavyYFN_MHCII_20240905.raw,F16,4613,3,1,43.0,36.0,113.488918904927,13,0.004792,0.166,,,9.0
636,False,High,Mascot,Mascot (A4),A,4,Unambiguous,ARVALGITTVL,ARVALGITTVL,,5,P63137,Gamma-aminobutyric acid receptor subunit beta-2 OS=Mus musculus OX=10090 GN=Gabrb2 PE=1 SV=2,P50571; Q7TNC8; P63080; P63137; Q91XP5,Gamma-aminobutyric acid receptor subunit beta-1 OS=Mus musculus OX=10090 GN=Gabrb1 PE=1 SV=1; Glycine receptor subunit alpha-2 OS=Mus musculus OX=10090 GN=Glra2 PE=1 SV=1; Gamma-aminobutyric acid receptor subunit beta-3 OS=Mus musculus OX=10090 GN=Gabrb3 PE=1 SV=1; Gamma-aminobutyric acid receptor subunit beta-2 OS=Mus musculus OX=10090 GN=Gabrb2 PE=1 SV=2; Glycine receptor subunit alpha-3 OS=Mus musculus OX=10090 GN=Glra3 PE=1 SV=2,0,2,2,,0.0,1,1,3,557.35785,1113.70842,1113.69902,8.44,0.0047,4/98,4,98,407611.8125,HCD,30.0,MS2,35.08006,247.0,73.3942,18303,18303,18283,DC_GL261_heavyYFN_MHCII_20240905.raw,F16,3958,0,1,42.0,35.0,190.741763775184,13,0.003247,0.1431,20760164.0,73.09,11.0
638,False,Medium,Mascot,Mascot (A4),A,4,Unambiguous,VNVDYSKL,VNVDYSKL,,1,Q62425,Cytochrome c oxidase subunit NDUFA4 OS=Mus musculus OX=10090 GN=Ndufa4 PE=1 SV=2,Q62425,Cytochrome c oxidase subunit NDUFA4 OS=Mus musculus OX=10090 GN=Ndufa4 PE=1 SV=2,0,2,2,0.7222,0.0,1,1,1,469.25293,937.49858,937.49892,-0.36,-0.00017,5/78,5,78,2302155.5,HCD,30.0,MS2,15.89871,247.0,66.7926,16880,16880,16868,DC_GL261_heavyYFN_MHCII_20240905.raw,F16,22960,36,1,50.0,43.0,0.306861135714549,24,0.04508,0.3983,,,8.0
639,False,Medium,Mascot,Mascot (A4),A,4,Unambiguous,VNVDYSKL,VNVDYSKL,,1,Q62425,Cytochrome c oxidase subunit NDUFA4 OS=Mus musculus OX=10090 GN=Ndufa4 PE=1 SV=2,Q62425,Cytochrome c oxidase subunit NDUFA4 OS=Mus musculus OX=10090 GN=Ndufa4 PE=1 SV=2,0,2,2,0.7222,0.0,1,1,1,469.25366,937.50005,937.49892,1.2,0.00056,5/78,5,78,1660243.5,HCD,30.0,MS2,17.6016,247.0,66.7437,16869,16869,16856,DC_GL261_heavyYFN_MHCII_20240905.raw,F16,23779,36,1,50.0,43.0,0.324461813486962,24,0.04885,0.4142,,,8.0
640,False,Medium,Mascot,Mascot (A4),A,4,Unambiguous,VNVDYSKL,VNVDYSKL,,1,Q62425,Cytochrome c oxidase subunit NDUFA4 OS=Mus musculus OX=10090 GN=Ndufa4 PE=1 SV=2,Q62425,Cytochrome c oxidase subunit NDUFA4 OS=Mus musculus OX=10090 GN=Ndufa4 PE=1 SV=2,0,2,2,0.7429,0.0,1,1,1,469.25327,937.49925,937.49892,0.35,0.00017,5/78,5,78,2388226.25,HCD,30.0,MS2,19.44611,247.0,66.8521,16892,16892,16879,DC_GL261_heavyYFN_MHCII_20240905.raw,F16,22888,35,1,50.0,43.0,0.340861420183877,24,0.0462,0.4079,,,8.0
643,False,Medium,Mascot,Mascot (A4),A,4,Unambiguous,RNYSYEKL,RNYSYEKL,,1,Q02257,Junction plakoglobin OS=Mus musculus OX=10090 GN=Jup PE=1 SV=3,Q02257,Junction plakoglobin OS=Mus musculus OX=10090 GN=Jup PE=1 SV=3,0,2,2,0.2414,0.0,1,1,1,536.77466,1072.54204,1072.54218,-0.14,-7e-05,5/82,5,82,88117.0078125,HCD,30.0,MS2,0.0,247.0,48.2462,12818,12818,12814,DC_GL261_heavyYFN_MHCII_20240905.raw,F16,26508,29,1,51.0,44.0,1.72324475872533,36,0.01527,0.2167,,,8.0
647,False,Medium,Mascot,Mascot (A4),A,4,Unambiguous,MAYMASKE,MAyMASKE,Y3(Label:13C(9)15N(1)),1,P16858,Glyceraldehyde-3-phosphate dehydrogenase OS=Mus musculus OX=10090 GN=Gapdh PE=1 SV=2,P16858,Glyceraldehyde-3-phosphate dehydrogenase OS=Mus musculus OX=10090 GN=Gapdh PE=1 SV=2,0,2,2,0.5769,0.0,1,1,1,470.72046,940.43364,940.43318,0.49,0.00023,6/58,6,58,103007.625,HCD,30.0,MS2,0.0,247.0,35.303,9224,9224,9221,DC_GL261_heavyYFN_MHCII_20240905.raw,F16,16954,26,1,49.0,42.0,1.94644520900485,26,0.01657,0.2293,,,8.0
649,False,Medium,Mascot,Mascot (A4),A,4,Unambiguous,MAYMASKE,MAyMASKE,Y3(Label:13C(9)15N(1)),1,P16858,Glyceraldehyde-3-phosphate dehydrogenase OS=Mus musculus OX=10090 GN=Gapdh PE=1 SV=2,P16858,Glyceraldehyde-3-phosphate dehydrogenase OS=Mus musculus OX=10090 GN=Gapdh PE=1 SV=2,0,2,2,0.8,0.0,1,1,1,470.7204,940.43352,940.43318,0.36,0.00017,6/58,6,58,90671.5,HCD,30.0,MS2,0.0,247.0,35.0531,9150,9150,9146,DC_GL261_heavyYFN_MHCII_20240905.raw,F16,16954,25,1,49.0,42.0,2.90564252655426,19,0.01099,0.1872,,,8.0
654,False,Medium,Mascot,Mascot (A4),A,4,Unambiguous,RPGVYTNI,RPGVYTNI,,1,Q9JHJ7,Testisin OS=Mus musculus OX=10090 GN=Prss21 PE=1 SV=2,Q9JHJ7,Testisin OS=Mus musculus OX=10090 GN=Prss21 PE=1 SV=2,0,2,2,0.2381,0.0,1,1,1,460.25357,919.49986,919.49959,0.3,0.00014,6/82,6,82,2681854.0,HCD,30.0,MS2,6.387632,247.0,59.4307,15300,15300,15287,DC_GL261_heavyYFN_MHCII_20240905.raw,F16,26744,21,1,51.0,44.0,9.89000173807876,30,0.02093,0.2542,,,8.0
655,False,Medium,Mascot,Mascot (A4),A,4,Unambiguous,SGYIYHKL,SGYIYHKL,,1,Q9EPU0,Regulator of nonsense transcripts 1 OS=Mus musculus OX=10090 GN=Upf1 PE=1 SV=2,Q9EPU0,Regulator of nonsense transcripts 1 OS=Mus musculus OX=10090 GN=Upf1 PE=1 SV=2,0,2,2,0.65,0.0,1,1,1,490.76324,980.51921,980.51999,-0.8,-0.00039,6/58,6,58,85418.3046875,HCD,30.0,MS2,0.0,247.0,52.5731,13816,13816,13812,DC_GL261_heavyYFN_MHCII_20240905.raw,F16,25224,20,1,51.0,44.0,13.0853083802968,21,0.02865,0.2887,,,8.0
658,False,Medium,Mascot,Mascot (A4),A,4,Unambiguous,NYEGPETHTSL,NYEGPETHTSL,,1,P14483,"H-2 class II histocompatibility antigen, A beta chain OS=Mus musculus OX=10090 GN=H2-Ab1 PE=1 SV=1",P14483,"H-2 class II histocompatibility antigen, A beta chain OS=Mus musculus OX=10090 GN=H2-Ab1 PE=1 SV=1",0,2,2,0.5556,0.0,1,1,1,624.28107,1247.55486,1247.55387,0.79,0.00049,4/100,4,100,262021.25,HCD,30.0,MS2,0.0,247.0,59.8843,15396,15396,15380,DC_GL261_heavyYFN_MHCII_20240905.raw,F16,17045,18,1,49.0,42.0,12.2339586957565,22,0.01389,0.2083,,,11.0
660,False,Medium,Mascot,Mascot (A4),A,4,Unambiguous,NYEGPETHTSL,NYEGPETHTSL,,1,P14483,"H-2 class II histocompatibility antigen, A beta chain OS=Mus musculus OX=10090 GN=H2-Ab1 PE=1 SV=1",P14483,"H-2 class II histocompatibility antigen, A beta chain OS=Mus musculus OX=10090 GN=H2-Ab1 PE=1 SV=1",0,2,2,0.5556,0.0,1,1,1,624.28088,1247.55449,1247.55387,0.5,0.00031,4/100,4,100,187571.046875,HCD,30.0,MS2,0.0,247.0,59.8529,15390,15390,15369,DC_GL261_heavyYFN_MHCII_20240905.raw,F16,17053,18,1,49.0,42.0,13.0849117038382,21,0.03978,0.3827,,,11.0
661,False,Medium,Mascot,Mascot (A4),A,4,Unambiguous,VQVEGPTPNRPR,VQVEGPTPNRPR,,1,P26955,Cytokine receptor common subunit beta OS=Mus musculus OX=10090 GN=Csf2rb PE=1 SV=2,P26955,Cytokine receptor common subunit beta OS=Mus musculus OX=10090 GN=Csf2rb PE=1 SV=2,0,3,3,0.625,0.0,1,1,1,450.58038,1349.7266,1349.72842,-1.35,-0.00061,6/128,6,128,73827.4140625,HCD,30.0,MS2,0.0,247.0,47.5092,12631,12631,12628,DC_GL261_heavyYFN_MHCII_20240905.raw,F16,38659,16,1,52.0,45.0,49.4561859009427,20,0.02865,0.3077,,,12.0
662,False,Medium,Mascot,Mascot (A4),A,4,Unambiguous,GVVAVVVPVP,GVVAVVVPVP,,1,Q9Z2C8,Y-box-binding protein 2 OS=Mus musculus OX=10090 GN=Ybx2 PE=1 SV=1,Q9Z2C8,Y-box-binding protein 2 OS=Mus musculus OX=10090 GN=Ybx2 PE=1 SV=1,0,2,2,0.1875,0.0,1,1,1,468.30243,935.59758,935.59243,5.51,0.00258,7/94,7,94,6312944.0,HCD,30.0,MS2,7.719027,247.0,91.7457,22215,22215,22195,DC_GL261_heavyYFN_MHCII_20240905.raw,F16,2054,16,1,40.0,33.0,2.65809466386222,26,0.03253,0.3352,,,10.0
664,False,Medium,Mascot,Mascot (A4),A,4,Unambiguous,EDRRYNPPIIH,EDRRYNPPIIH,,1,P27784,C-C motif chemokine 6 OS=Mus musculus OX=10090 GN=Ccl6 PE=1 SV=1,P27784,C-C motif chemokine 6 OS=Mus musculus OX=10090 GN=Ccl6 PE=1 SV=1,0,3,3,0.3333,0.0,1,1,1,470.5809,1409.72815,1409.72842,-0.19,-9e-05,5/102,5,102,98916.0234375,HCD,30.0,MS2,0.0,247.0,56.3673,14643,14643,14628,DC_GL261_heavyYFN_MHCII_20240905.raw,F16,42863,15,1,53.0,46.0,60.5414151824059,23,0.01099,0.183,,,11.0
665,False,Medium,Mascot,Mascot (A4),A,4,Unambiguous,LGGQFGFWMGG,LGGQFGFWmGG,M9(Oxidation),1,Q9WU38,Amiloride-sensitive sodium channel subunit beta OS=Mus musculus OX=10090 GN=Scnn1b PE=1 SV=1,Q9WU38,Amiloride-sensitive sodium channel subunit beta OS=Mus musculus OX=10090 GN=Scnn1b PE=1 SV=1,0,2,2,0.1429,0.0,1,1,1,586.76727,1172.52727,1172.51934,6.76,0.00396,5/94,5,94,153262.078125,HCD,30.0,MS2,0.0,247.0,59.9061,15401,15401,15380,DC_GL261_heavyYFN_MHCII_20240905.raw,F16,17235,14,1,49.0,42.0,30.7171764230066,25,0.0411,0.3892,,,11.0
667,False,Medium,Mascot,Mascot (A4),A,4,Unambiguous,NYEGPETHTSL,NYEGPETHTSL,,1,P14483,"H-2 class II histocompatibility antigen, A beta chain OS=Mus musculus OX=10090 GN=H2-Ab1 PE=1 SV=1",P14483,"H-2 class II histocompatibility antigen, A beta chain OS=Mus musculus OX=10090 GN=H2-Ab1 PE=1 SV=1",0,2,2,0.6429,0.0,1,1,1,624.28033,1247.55339,1247.55387,-0.38,-0.00024,8/100,8,100,422156.5,HCD,30.0,MS2,0.0,247.0,59.9419,15408,15408,15392,DC_GL261_heavyYFN_MHCII_20240905.raw,F16,16744,14,1,49.0,42.0,31.2485032106577,19,0.01657,0.2434,,,11.0
668,False,Medium,Mascot,Mascot (A4),A,4,Unambiguous,VQVEGPTPNRPR,VQVEGPTPNRPR,,1,P26955,Cytokine receptor common subunit beta OS=Mus musculus OX=10090 GN=Csf2rb PE=1 SV=2,P26955,Cytokine receptor common subunit beta OS=Mus musculus OX=10090 GN=Csf2rb PE=1 SV=2,0,3,3,0.5,0.0,1,1,1,450.58115,1349.72889,1349.72842,0.34,0.00015,6/128,6,128,88400.46875,HCD,30.0,MS2,0.0,247.0,47.4369,12613,12613,12608,DC_GL261_heavyYFN_MHCII_20240905.raw,F16,38579,14,1,52.0,45.0,77.6821023362093,21,0.0375,0.3568,,,12.0
674,False,Medium,Mascot,Mascot (A4),A,4,Unambiguous,RDNYRFAHTNIE,RDNYRFAHTNIE,,1,P27773,Protein disulfide-isomerase A3 OS=Mus musculus OX=10090 GN=Pdia3 PE=1 SV=2,P27773,Protein disulfide-isomerase A3 OS=Mus musculus OX=10090 GN=Pdia3 PE=1 SV=2,0,3,3,0.3846,0.0,1,1,1,512.58295,1535.73429,1535.73496,-0.44,-0.00023,11/128,11,128,78670.015625,HCD,30.0,MS2,28.01415,247.0,54.7833,14298,14298,14283,DC_GL261_heavyYFN_MHCII_20240905.raw,F16,43533,13,1,53.0,46.0,121.279836041268,21,0.01527,0.2117,,,12.0
675,False,Medium,Mascot,Mascot (A4),A,4,Unambiguous,EIYEFHKM,EIYEFHKM,,1,Q09014,Neutrophil cytosol factor 1 OS=Mus musculus OX=10090 GN=Ncf1 PE=1 SV=3,Q09014,Neutrophil cytosol factor 1 OS=Mus musculus OX=10090 GN=Ncf1 PE=1 SV=3,0,2,2,0.2308,0.0,1,1,1,548.75995,1096.51262,1096.51319,-0.52,-0.00029,5/58,5,58,562363.125,HCD,30.0,MS2,0.0,247.0,62.818,16014,16014,16000,DC_GL261_heavyYFN_MHCII_20240905.raw,F16,23501,13,1,50.0,43.0,65.7743169636831,24,0.02865,0.2862,,,8.0
676,False,Medium,Mascot,Mascot (A4),A,4,Unambiguous,IGGQENPSNSSA,IGGQEnPSnSSA,N6(Label); N9(Label),1,Q9QX96,Sal-like protein 2 OS=Mus musculus OX=10090 GN=Sall2 PE=1 SV=2,Q9QX96,Sal-like protein 2 OS=Mus musculus OX=10090 GN=Sall2 PE=1 SV=2,0,2,2,,0.0,2,2,3,586.76837,1172.52947,1172.5328,-2.84,-0.00167,3/114,3,114,265703.09375,HCD,30.0,MS2,0.0,247.0,59.955,15411,15411,15392,DC_GL261_heavyYFN_MHCII_20240905.raw,F16,19636,13,1,49.0,42.0,55.0836902868679,21,0.02811,0.2791,,,12.0
680,False,Medium,Mascot,Mascot (A4),A,4,Unambiguous,EIYEFHKM,EIYEFHKM,,1,Q09014,Neutrophil cytosol factor 1 OS=Mus musculus OX=10090 GN=Ncf1 PE=1 SV=3,Q09014,Neutrophil cytosol factor 1 OS=Mus musculus OX=10090 GN=Ncf1 PE=1 SV=3,0,3,3,0.2,0.0,1,1,2,366.17535,1096.51151,1096.51319,-1.54,-0.00056,4/58,4,58,837718.5,HCD,30.0,MS2,27.80735,247.0,62.8093,16012,16012,16000,DC_GL261_heavyYFN_MHCII_20240905.raw,F16,24074,10,1,50.0,43.0,111.562505840172,21,0.0375,0.3546,,,8.0
684,False,Medium,Mascot,Mascot (A4),A,4,Unambiguous,LGGQFGFWMGG,LGGQFGFWmGG,M9(Oxidation),1,Q9WU38,Amiloride-sensitive sodium channel subunit beta OS=Mus musculus OX=10090 GN=Scnn1b PE=1 SV=1,Q9WU38,Amiloride-sensitive sodium channel subunit beta OS=Mus musculus OX=10090 GN=Scnn1b PE=1 SV=1,0,2,2,0.0,0.0,1,1,2,586.76837,1172.52947,1172.51934,8.64,0.00506,3/94,3,94,154904.71875,HCD,30.0,MS2,0.0,247.0,60.0276,15426,15426,15404,DC_GL261_heavyYFN_MHCII_20240905.raw,F16,19636,9,1,49.0,42.0,119.956290634987,20,0.0253,0.2734,,,11.0
703,False,Medium,Mascot,Mascot (A4),A,4,Unambiguous,AFLVALKFM,AfLVALKfM,F2(Label:13C(9)15N(1)); F8(Label:13C(9)15N(1)),1,Q8BFV2,PCI domain-containing protein 2 OS=Mus musculus OX=10090 GN=Pcid2 PE=1 SV=1,Q8BFV2,PCI domain-containing protein 2 OS=Mus musculus OX=10090 GN=Pcid2 PE=1 SV=1,0,2,2,0.0,0.0,1,1,5,530.3335,1059.65972,1059.65534,4.13,0.00219,2/68,2,68,1898119.875,HCD,30.0,MS2,11.56092,247.0,76.5128,18972,18972,18956,DC_GL261_heavyYFN_MHCII_20240905.raw,F16,4613,4,1,43.0,36.0,82.0263636279365,13,0.03129,0.3265,,,9.0
711,False,Medium,Mascot,Mascot (A4),A,4,Unambiguous,PFLQGGLALGS,PfLQGGLALGS,F2(Label:13C(9)15N(1)),1,Q6PDK2,Histone-lysine N-methyltransferase 2D OS=Mus musculus OX=10090 GN=Kmt2d PE=1 SV=2,Q6PDK2,Histone-lysine N-methyltransferase 2D OS=Mus musculus OX=10090 GN=Kmt2d PE=1 SV=2,0,2,2,0.0,0.0,1,1,10,535.31195,1069.61662,1069.61055,5.68,0.00304,2/94,2,94,562594.5,HCD,30.0,MS2,22.49694,247.0,68.2103,17181,17181,17167,DC_GL261_heavyYFN_MHCII_20240905.raw,F16,13735,4,1,48.0,41.0,290.936806934522,14,0.0375,0.3624,,,11.0
717,False,Medium,Mascot,Mascot (A4),A,4,Unambiguous,PKGFVAKS,PKGfVAKS,F4(Label:13C(9)15N(1)),1,Q9Z2I9,"Succinate--CoA ligase [ADP-forming] subunit beta, mitochondrial OS=Mus musculus OX=10090 GN=Sucla2 PE=1 SV=2",Q9Z2I9,"Succinate--CoA ligase [ADP-forming] subunit beta, mitochondrial OS=Mus musculus OX=10090 GN=Sucla2 PE=1 SV=2",0,2,2,,0.0,4,4,10,422.26437,843.52147,843.51519,7.44,0.00314,2/78,2,78,338723.25,HCD,30.0,MS2,23.78942,247.0,61.6551,15769,15769,15753,DC_GL261_heavyYFN_MHCII_20240905.raw,F16,10913,3,1,47.0,40.0,261.76655624861,14,0.01099,0.1821,,,8.0
723,False,Medium,Mascot,Mascot (A4),A,4,Unambiguous,AFLVALKFM,AfLVALKfM,F2(Label:13C(9)15N(1)); F8(Label:13C(9)15N(1)),1,Q8BFV2,PCI domain-containing protein 2 OS=Mus musculus OX=10090 GN=Pcid2 PE=1 SV=1,Q8BFV2,PCI domain-containing protein 2 OS=Mus musculus OX=10090 GN=Pcid2 PE=1 SV=1,0,2,2,0.0,0.0,1,1,5,530.33368,1059.66008,1059.65534,4.47,0.00237,2/68,2,68,2896603.25,HCD,30.0,MS2,9.940523,247.0,75.5193,18762,18762,18747,DC_GL261_heavyYFN_MHCII_20240905.raw,F16,4677,3,1,43.0,36.0,120.486218535444,13,0.01099,0.1894,,,9.0
730,False,Medium,Mascot,Mascot (A4),A,4,Unambiguous,SPLAIAVG,SPLAIAVG,,1,Q8K4J2,Transcription factor COE4 OS=Mus musculus OX=10090 GN=Ebf4 PE=2 SV=1,Q8K4J2,Transcription factor COE4 OS=Mus musculus OX=10090 GN=Ebf4 PE=2 SV=1,0,2,2,,0.0,2,2,2,364.22314,727.43901,727.43487,5.7,0.00207,6/74,6,74,361185.65625,HCD,30.0,MS2,55.41343,247.0,58.7397,15154,15154,15138,DC_GL261_heavyYFN_MHCII_20240905.raw,F16,10362,2,1,47.0,40.0,309.323981979086,14,0.03647,0.3394,,,8.0
731,False,Medium,Mascot,Mascot (A4),A,4,Unambiguous,VGGSDYSKI,VGGSDySKI,Y6(Label:13C(9)15N(1)),1,O35621,Phosphomannomutase 1 OS=Mus musculus OX=10090 GN=Pmm1 PE=1 SV=1,O35621,Phosphomannomutase 1 OS=Mus musculus OX=10090 GN=Pmm1 PE=1 SV=1,0,2,2,0.0,0.0,1,1,2,468.25125,935.49523,935.48977,5.84,0.00273,4/66,4,66,162166.328125,HCD,30.0,MS2,49.02296,247.0,59.5697,15329,15329,15311,DC_GL261_heavyYFN_MHCII_20240905.raw,F16,26614,2,1,51.0,44.0,816.733100272791,14,0.02865,0.2961,,,9.0
734,False,Medium,Mascot,Mascot (A4),A,4,Unambiguous,HNYEGPETHTS,HNYEGPETHTS,,1,P14483,"H-2 class II histocompatibility antigen, A beta chain OS=Mus musculus OX=10090 GN=H2-Ab1 PE=1 SV=1",P14483,"H-2 class II histocompatibility antigen, A beta chain OS=Mus musculus OX=10090 GN=H2-Ab1 PE=1 SV=1",0,2,2,1.0,0.0,1,1,1,636.26855,1271.52983,1271.52872,0.88,0.00056,5/98,5,98,301240.5625,HCD,30.0,MS2,0.0,247.0,23.3877,5742,5742,5721,DC_GL261_heavyYFN_MHCII_20240905.raw,F16,8402,2,1,46.0,39.0,281.418524415882,13,0.02865,0.2905,,,11.0
736,False,Medium,Mascot,Mascot (A4),A,4,Unambiguous,GLAVGLRKKFGQ,GLAVGLRKKfGQ,F10(Label:13C(9)15N(1)),1,A2AGT5,Cytoskeleton-associated protein 5 OS=Mus musculus OX=10090 GN=Ckap5 PE=1 SV=1,A2AGT5,Cytoskeleton-associated protein 5 OS=Mus musculus OX=10090 GN=Ckap5 PE=1 SV=1,0,2,2,1.0,0.0,1,1,1,642.40875,1283.81023,1283.80114,7.08,0.00454,3/108,3,108,2221666.25,HCD,30.0,MS2,0.0,247.0,79.2838,19565,19565,19554,DC_GL261_heavyYFN_MHCII_20240905.raw,F16,3540,2,1,42.0,35.0,120.219042973242,13,0.01657,0.2389,,,12.0
741,False,Medium,Mascot,Mascot (A4),A,4,Unambiguous,IGFGLSILTT,IGfGLSILTT,F3(Label:13C(9)15N(1)),1,A2AIR5,"Glutamate receptor ionotropic, NMDA 3A OS=Mus musculus OX=10090 GN=Grin3a PE=1 SV=1",A2AIR5,"Glutamate receptor ionotropic, NMDA 3A OS=Mus musculus OX=10090 GN=Grin3a PE=1 SV=1",0,2,2,,0.0,3,3,10,516.31866,1031.63005,1031.62005,9.69,0.005,2/94,2,94,1138919.125,HCD,30.0,MS2,0.0,247.0,67.3984,17008,17008,16994,DC_GL261_heavyYFN_MHCII_20240905.raw,F16,7958,2,1,45.0,39.0,279.109063241307,14,0.0375,0.3595,,,10.0
745,False,Medium,Mascot,Mascot (A4),A,4,Unambiguous,IPGIIGGIVGAV,IPGIIGGIVGAV,,1,Q9QXP0,Ammonium transporter Rh type C OS=Mus musculus OX=10090 GN=Rhcg PE=1 SV=2,Q9QXP0,Ammonium transporter Rh type C OS=Mus musculus OX=10090 GN=Rhcg PE=1 SV=2,0,2,2,1.0,0.0,1,1,2,533.33502,1065.66277,1065.66666,-3.65,-0.00194,2/114,2,114,683664.3125,HCD,30.0,MS2,48.78576,247.0,67.8319,17100,17100,17086,DC_GL261_heavyYFN_MHCII_20240905.raw,F16,2662,1,1,41.0,34.0,103.080865287515,13,0.02811,0.2797,,,12.0
746,False,Medium,Mascot,Mascot (A4),A,4,Unambiguous,RVPRLGRK,RVPRLGRK,,1,Q9CSB4,Partitioning defective 3 homolog B OS=Mus musculus OX=10090 GN=Pard3b PE=1 SV=2,Q9CSB4,Partitioning defective 3 homolog B OS=Mus musculus OX=10090 GN=Pard3b PE=1 SV=2,0,2,2,1.0,0.0,1,1,1,491.32239,981.6375,981.64284,-5.44,-0.00267,2/84,2,84,1784345.625,HCD,30.0,MS2,19.69176,247.0,80.8411,19895,19895,19878,DC_GL261_heavyYFN_MHCII_20240905.raw,F16,1445,1,1,38.0,31.0,56.3427254853055,13,0.03647,0.3394,,,8.0
747,False,Medium,Mascot,Mascot (A4),A,4,Unambiguous,PKGFVAKS,PKGfVAKS,F4(Label:13C(9)15N(1)),1,Q9Z2I9,"Succinate--CoA ligase [ADP-forming] subunit beta, mitochondrial OS=Mus musculus OX=10090 GN=Sucla2 PE=1 SV=2",Q9Z2I9,"Succinate--CoA ligase [ADP-forming] subunit beta, mitochondrial OS=Mus musculus OX=10090 GN=Sucla2 PE=1 SV=2",0,2,2,,0.0,4,4,10,422.2648,843.52233,843.51519,8.46,0.00357,2/78,2,78,179918.671875,HCD,30.0,MS2,0.0,247.0,60.9468,15620,15620,15603,DC_GL261_heavyYFN_MHCII_20240905.raw,F16,11034,1,1,47.0,40.0,479.405468837253,13,0.0375,0.3534,,,8.0
748,False,Medium,Mascot,Mascot (A4),A,4,Unambiguous,PKRIVIRGH,PKRIVIRGH,,1,P97313,DNA-dependent protein kinase catalytic subunit OS=Mus musculus OX=10090 GN=Prkdc PE=1 SV=3,P97313,DNA-dependent protein kinase catalytic subunit OS=Mus musculus OX=10090 GN=Prkdc PE=1 SV=3,0,2,2,1.0,0.0,1,1,1,538.349,1075.69072,1075.68471,5.59,0.00301,2/88,2,88,1016814.0625,HCD,30.0,MS2,0.0,247.0,70.8014,17753,17753,17737,DC_GL261_heavyYFN_MHCII_20240905.raw,F16,1667,1,1,39.0,32.0,72.762163555149,13,0.02865,0.2981,,,9.0
