,Checked,Confidence,Identifying Node Type,Identifying Node,Search ID,Identifying Node No,PSM Ambiguity,Sequence,Annotated Sequence,Modifications,Number of Proteins,Master Protein Accessions,Master Protein Descriptions,Protein Accessions,Protein Descriptions,Number of Missed Cleavages,Charge,Original Precursor Charge,Delta Score,Delta Cn,Rank,Search Engine Rank,Concatenated Rank,mz in Da,MHplus in Da,Theo MHplus in Da,Delta M in ppm,Delta mz in Da,Ions Matched,Matched Ions,Total Ions,Intensity,Activation Type,NCE in Percent,MS Order,Isolation Interference in Percent,Ion Inject Time in ms,RT in min,First Scan,Last Scan,Master Scans,Spectrum File,File ID,Peptides Matched,Number of Protein Groups,XCorr,Spectral Angle,Percolator q-Value,Percolator PEP,Precursor Abundance,Apex RT in min,Seq_len
84,False,High,Sequest HT,Sequest HT (A10),A,10,Unambiguous,PKPQTSPSPKP,PKPQTSPSPKP,,1,P40124,Adenylyl cyclase-associated protein 1 [OS=Mus musculus],P40124,Adenylyl cyclase-associated protein 1 [OS=Mus musculus],0,2,2,0.1905,0.0,1,1,1,582.3244,1163.64153,1163.6419,-0.32,-0.00019,0/0,0,0,149267.859375,HCD,30.0,MS2,0.0,247.0,62.2362,13844,13844,13823,DC_UT_heavyYFN_MHCII_20240905.raw,F15,12530,1,2.94,0.72,0.003584,0.1973,,,11.0
93,False,High,Sequest HT,Sequest HT (A10),A,10,Unambiguous,YEGPETHTSL,YEGPETHTSL,,1,P14483,"H-2 class II histocompatibility antigen, A beta chain [OS=Mus musculus]",P14483,"H-2 class II histocompatibility antigen, A beta chain [OS=Mus musculus]",0,2,2,0.1903,0.0,1,1,1,567.26172,1133.51616,1133.51094,4.6,0.00261,0/0,0,0,396681.46875,HCD,30.0,MS2,0.0,247.0,63.4319,14098,14098,14080,DC_UT_heavyYFN_MHCII_20240905.raw,F15,9659,1,2.47,0.83,0.003584,0.02639,9617890.0,63.4,10.0
97,False,High,Sequest HT,Sequest HT (A10),A,10,Unambiguous,YEGPETHTSL,YEGPETHTSL,,1,P14483,"H-2 class II histocompatibility antigen, A beta chain [OS=Mus musculus]",P14483,"H-2 class II histocompatibility antigen, A beta chain [OS=Mus musculus]",0,2,2,0.2033,0.0,1,1,1,567.26111,1133.51494,1133.51094,3.53,0.002,0/0,0,0,485643.625,HCD,30.0,MS2,0.0,247.0,63.4851,14110,14110,14092,DC_UT_heavyYFN_MHCII_20240905.raw,F15,10330,1,2.41,0.84,0.003584,0.04931,9617890.0,63.4,10.0
109,False,High,Sequest HT,Sequest HT (A10),A,10,Unambiguous,KIFEFKETL,KIFEFKETL,,1,Q8BW96,Calcium/calmodulin-dependent protein kinase type 1D [OS=Mus musculus],Q8BW96,Calcium/calmodulin-dependent protein kinase type 1D [OS=Mus musculus],0,2,2,0.136,0.0,1,1,1,577.82861,1154.64995,1154.64559,3.78,0.00218,0/0,0,0,417632.25,HCD,30.0,MS2,29.72864,247.0,78.6817,17358,17358,17344,DC_UT_heavyYFN_MHCII_20240905.raw,F15,7955,1,2.72,0.93,0.003584,0.02543,,,9.0
118,False,High,Sequest HT,Sequest HT (A10),A,10,Unambiguous,NYEGPETHTSLR,NYEGPETHTSLR,,1,P14483,"H-2 class II histocompatibility antigen, A beta chain [OS=Mus musculus]",P14483,"H-2 class II histocompatibility antigen, A beta chain [OS=Mus musculus]",0,3,3,0.307,0.0,1,1,1,468.5575,1403.65793,1403.65498,2.1,0.00098,0/0,0,0,139056.15625,HCD,30.0,MS2,12.29104,247.0,58.3552,13011,13011,12995,DC_UT_heavyYFN_MHCII_20240905.raw,F15,11715,1,3.55,0.86,0.003584,0.01022,6289996.0,58.47,12.0
121,False,High,Sequest HT,Sequest HT (A10),A,10,Unambiguous,NYEGPETHTSLR,NYEGPETHTSLR,,1,P14483,"H-2 class II histocompatibility antigen, A beta chain [OS=Mus musculus]",P14483,"H-2 class II histocompatibility antigen, A beta chain [OS=Mus musculus]",0,3,3,0.3454,0.0,1,1,1,468.55731,1403.65738,1403.65498,1.71,0.0008,0/0,0,0,85128.21875,HCD,30.0,MS2,24.21056,247.0,58.3234,13005,13005,12984,DC_UT_heavyYFN_MHCII_20240905.raw,F15,12329,1,3.59,0.87,0.003584,0.004794,6289996.0,58.47,12.0
124,False,High,Sequest HT,Sequest HT (A10),A,10,Unambiguous,NYEGPETHTSLR,NYEGPETHTSLR,,1,P14483,"H-2 class II histocompatibility antigen, A beta chain [OS=Mus musculus]",P14483,"H-2 class II histocompatibility antigen, A beta chain [OS=Mus musculus]",0,3,3,0.3865,0.0,1,1,1,468.55634,1403.65445,1403.65498,-0.38,-0.00018,0/0,0,0,97526.3671875,HCD,30.0,MS2,0.0,247.0,58.2611,12991,12991,12972,DC_UT_heavyYFN_MHCII_20240905.raw,F15,11435,1,2.82,0.85,0.003584,0.00442,6289996.0,58.47,12.0
181,False,High,Sequest HT,Sequest HT (A10),A,10,Unambiguous,DRYVASLAARNK,DRYVASLAARNK,,1,Q00560,Interleukin-6 receptor subunit beta [OS=Mus musculus],Q00560,Interleukin-6 receptor subunit beta [OS=Mus musculus],0,3,3,0.3256,0.0,1,1,1,455.25449,1363.7489,1363.74407,3.54,0.00161,0/0,0,0,110377.8671875,HCD,30.0,MS2,12.20302,247.0,57.0467,12733,12733,12718,DC_UT_heavyYFN_MHCII_20240905.raw,F15,10903,1,3.01,0.87,0.003584,0.04644,5047343.0,57.03,12.0
186,False,High,Sequest HT,Sequest HT (A10),A,10,Unambiguous,DRYVASLAARNK,DRYVASLAARNK,,1,Q00560,Interleukin-6 receptor subunit beta [OS=Mus musculus],Q00560,Interleukin-6 receptor subunit beta [OS=Mus musculus],0,3,3,0.2667,0.0,1,1,1,455.25256,1363.74314,1363.74407,-0.69,-0.00031,0/0,0,0,94080.09375,HCD,30.0,MS2,14.2209,247.0,57.0019,12723,12723,12709,DC_UT_heavyYFN_MHCII_20240905.raw,F15,10730,1,3.3,0.9,0.003584,0.04126,5047343.0,57.03,12.0
240,False,High,Sequest HT,Sequest HT (A10),A,10,Unambiguous,SVPSKELSPKVT,SVPSKELSPKVT,,1,P48754,Breast cancer type 1 susceptibility protein homolog [OS=Mus musculus],P48754,Breast cancer type 1 susceptibility protein homolog [OS=Mus musculus],0,3,3,0.2576,0.0,1,1,1,424.57819,1271.72,1271.72054,-0.42,-0.00018,0/0,0,0,341216.71875,HCD,30.0,MS2,0.0,247.0,66.2676,14702,14702,14689,DC_UT_heavyYFN_MHCII_20240905.raw,F15,9545,1,4.27,0.34,0.003584,0.0624,20556480.0,66.41,12.0
265,False,High,Sequest HT,Sequest HT (A10),A,10,Unambiguous,SVPSKELSPKVT,SVPSKELSPKVT,,1,P48754,Breast cancer type 1 susceptibility protein homolog [OS=Mus musculus],P48754,Breast cancer type 1 susceptibility protein homolog [OS=Mus musculus],0,3,3,0.2332,0.0,1,1,1,424.57855,1271.7211,1271.72054,0.44,0.00019,0/0,0,0,519205.78125,HCD,30.0,MS2,13.32971,247.0,66.3228,14713,14713,14700,DC_UT_heavyYFN_MHCII_20240905.raw,F15,9724,1,4.46,0.34,0.003584,0.003433,20556480.0,66.41,12.0
283,False,Medium,Sequest HT,Sequest HT (A10),A,10,Unambiguous,LPYKSPGINVD,LPYKSPGINVD,,1,Q9JHJ8,ICOS ligand [OS=Mus musculus],Q9JHJ8,ICOS ligand [OS=Mus musculus],0,2,2,0.1765,0.0,1,1,1,601.82336,1202.63945,1202.64156,-1.76,-0.00106,0/0,0,0,309434.4375,HCD,30.0,MS2,0.0,247.0,73.054,16157,16157,16141,DC_UT_heavyYFN_MHCII_20240905.raw,F15,13831,1,3.06,0.74,0.01608,0.2889,,,11.0
285,False,Medium,Sequest HT,Sequest HT (A10),A,10,Unambiguous,GAQPVQLSLFF,GAQPVQLSLFF,,1,Q7TMC8,L-fucose kinase [OS=Mus musculus],Q7TMC8,L-fucose kinase [OS=Mus musculus],0,3,3,,0.0242,2,2,3,402.89133,1206.65943,1206.65174,6.37,0.00256,0/0,0,0,44472.28125,HCD,30.0,MS2,6.298598,247.0,38.1719,8683,8683,8667,DC_UT_heavyYFN_MHCII_20240905.raw,F15,11588,1,1.61,0.03,0.01869,0.3476,,,11.0
311,False,Medium,Sequest HT,Sequest HT (A10),A,10,Unambiguous,QEVLQEPN,QEVLQEPN,,1,Q8CHG5,Apoptosis-resistant E3 ubiquitin protein ligase 1 [OS=Mus musculus],Q8CHG5,Apoptosis-resistant E3 ubiquitin protein ligase 1 [OS=Mus musculus],0,2,2,,0.0423,2,2,2,478.73724,956.46721,956.46835,-1.19,-0.00057,0/0,0,0,432020.6875,HCD,30.0,MS2,21.16078,247.0,65.6833,14578,14578,14565,DC_UT_heavyYFN_MHCII_20240905.raw,F15,8414,1,2.04,0.67,0.01869,0.3468,,,8.0
313,False,Medium,Sequest HT,Sequest HT (A10),A,10,Unambiguous,NYEGPETHTSLR,NYEGPETHTSLR,,1,P14483,"H-2 class II histocompatibility antigen, A beta chain [OS=Mus musculus]",P14483,"H-2 class II histocompatibility antigen, A beta chain [OS=Mus musculus]",0,3,3,0.2391,0.0,1,1,1,468.55545,1403.6518,1403.65498,-2.27,-0.00106,0/0,0,0,149988.578125,HCD,30.0,MS2,0.0,247.0,58.5267,13047,13047,13030,DC_UT_heavyYFN_MHCII_20240905.raw,F15,10971,1,2.76,0.65,0.01007,0.2652,,,12.0
322,False,Medium,Sequest HT,Sequest HT (A10),A,10,Unambiguous,RTYTYEKL,RTYTYEKL,,1,Q02248,Catenin beta-1 [OS=Mus musculus],Q02248,Catenin beta-1 [OS=Mus musculus],0,2,2,0.1815,0.0,1,1,1,537.28644,1073.5656,1073.56259,2.81,0.00151,0/0,0,0,285948.4375,HCD,30.0,MS2,24.25852,247.0,59.2959,13213,13213,13201,DC_UT_heavyYFN_MHCII_20240905.raw,F15,14199,1,2.48,0.86,0.01608,0.3218,,,8.0
325,False,Medium,Sequest HT,Sequest HT (A10),A,10,Unambiguous,ASYEFVQRL,ASYEFVQRL,,1,Q9JHU4,Cytoplasmic dynein 1 heavy chain 1 [OS=Mus musculus],Q9JHU4,Cytoplasmic dynein 1 heavy chain 1 [OS=Mus musculus],0,2,2,0.1733,0.0,1,1,1,556.79205,1112.57683,1112.57348,3.01,0.00167,0/0,0,0,150269.875,HCD,30.0,MS2,0.0,247.0,80.2273,17684,17684,17670,DC_UT_heavyYFN_MHCII_20240905.raw,F15,10119,1,2.02,0.93,0.01007,0.2642,,,9.0
331,False,Medium,Sequest HT,Sequest HT (A10),A,10,Unambiguous,NYEGPETHTSLR,NYEGPETHTSLR,,1,P14483,"H-2 class II histocompatibility antigen, A beta chain [OS=Mus musculus]",P14483,"H-2 class II histocompatibility antigen, A beta chain [OS=Mus musculus]",0,3,3,0.0938,0.0,1,1,1,468.55667,1403.65546,1403.65498,0.34,0.00016,0/0,0,0,242312.96875,HCD,30.0,MS2,0.0,247.0,58.4862,13039,13039,13019,DC_UT_heavyYFN_MHCII_20240905.raw,F15,11257,1,2.88,0.72,0.01869,0.3508,,,12.0
