,Sequence,Protein.Accessions,Protein,Strong Binder,Weak binder
1,LMPFLAEEL,Q3U2A8,Vars2,,Db
2,RTYTYEKL,Q02248,Ctnnb1,Kb,
3,SQLHSLTHF,Q9DB96,Ngdn,Db,Kb
4,ATLVFHNL,P42227,Stat3,Kb,
5,GAPYGNPKNM,Q8BGZ2,Fam168a,Db,
6,ATPSSLDPF,Q7TMY8,Huwe1,Db,
7,SALIFFDLL,A0A1W2P7I0,Kantr,"Kb,Db",
8,FSPDENSLVL,Q9QUR8,Sema7a,Db,
9,SQHQSSYGPM,Q9CX86,Hnrnpa0,,Db
10,TSPEKFTF,Q61282,Acan,,Kb
11,KNYVNEAL,O35082,Kl,Kb,Db
12,ASPVHTGF,Q02357,Ank1,,Kb
13,AALNTFGNL,Q6IYF8,Oxgr1,Kb,Db
14,FGIHNGVETL,Q8C0L9,Gpcpd1,Db,
15,RSIQNAQFL,P24638,Acp2,Db,Kb
16,ASYEFVQRL,Q9JHU4,Dync1h1,"Kb,Db",
17,YQQMNPEAL,P54841,Mafb,Db,
18,RNYSYEKL,Q02257,Jup,Kb,
19,YAGSNFPEHI,P61161,Actr2,Db,
20,RTVENVTVF,Q62465,Vat1,Db,
21,STYSVAKM,O09159,Man2b1,Kb,
22,IQAENAEFM,P14901,Hmox1,Db,
23,SAPRNFVENF,Q91WG4,Elp2,Db,Kb
24,VFYEREVQM,Q80SY3,Atp6v0d2,Kb,
25,SSYTFPKM,Q9WUR2,Eci2,Kb,
26,ISGVNRYYV,O35683,Ndufa1,Db,
27,KTVVNKDVF,P61358,Rpl27,Db,
28,LGPKNGVYI,P36423,Tbxas1,Db,
29,YGLKNLTAL,Q9EQ32,Pik3ap1,Db,Kb
30,VNIEFKDL,Q64343,Abcg1,Kb,
31,TAYEFAKL,Q9EQ06,Hsd17b11,Kb,
32,VAISPGKHYL,Q2EMV9,Parp14,Db,
33,SSIQNGKYTL,Q3UWM4,Kdm7a,Db,
34,KGYVFKEL,P58681,Tlr7,Kb,
35,SLGKNPTDAYL,Q3THE2,Myl12b,Db,
36,STLTYSRM,Q9WVC6,Sgk1,Kb,
37,SNYHFYSSI,Q60795,Nfe2l2,Kb,Db
38,TAPQYYRL,Q6PJN8,Dalrd3,Kb,
39,RGYVFREL,P58682,Tlr8,Kb,
40,VAFDFTKV,Q7M6Y3,Picalm,Kb,
41,TSFMFQRV,P97429,Anxa4,Kb,
42,FVYVFHTL,Q99P91,Gpnmb,Kb,
43,RAFAFTNV,Q8CGA3,Slc43a2,Kb,
44,SAPQYSRL,Q8CFG0,Sulf2,Kb,
45,FALAGYEFCI,Q8CC21,Ttc19,,Db
46,KAPTNEFYA,O35988,Sdc4,Db,
47,RSLQAFLAI,Q9EQ14,Il23a,Db,Kb
48,GTVRYASI,Q3UVR3,Ttbk2,,Kb
49,RSFSSAARV,Q99P88,Nup155,,"Db,Kb"
50,RNIRNIIRF,Q3U213,Serac1,Db,Kb
51,YFQCNPEAL,Q5DTT2,Psd,Db,
52,VQYDVELI,Q9D1M7,Fkbp11,,Kb
53,KNPNYEEL,Q61098,Il18r1,Kb,Db
54,VGGQLSFTI,Q60675,Lama2,,Db
55,VIVFQNLV,Q8BHY3,Ano1,,Kb
56,VGFDYKERL,Q60598,Cttn,Kb,
57,SSPKFSEI,Q91VM3,Wdr45,Kb,Db
58,FTDYGLAAL,Q8K0W3,Rnf208,,Db
59,KNEGVYREL,Q91W18,Tdrd3,,Kb
60,AGPTFNYL,Q01320,Top2a,Kb,Db
61,AAIIPYISGL,Q8CIP3,Mrgprx1,,"Db,Kb"
62,FAYEGRDYI,P14431; P14429; P14430; P01899,H2-Q9;H2-Q7; H2-Q8; H2-D1,Db,
63,RGFSQGEKI,Q8VCK3,Tubg2,Kb,Db
64,IAVSYSYI,Q8VG07; Q8VG08,Or5p69; Or5p72,Kb,